"id","repetition","yc","zc","s1","Tu","E0","E1","A0","A1","Tf","Tc","Tb","slope","timestamp"
"Almond.Abiodh de Sfax.Sfax",1,12.9059143823086,203.772564882457,0.102977956947848,25,4153.5,12888.8,139500,2.567e+18,4,36,4,1.6,"2026-05-11 13:20:45.47723"
"Almond.Abiodh de Sfax.Sfax",2,12.942350814266,203.432008352413,0.102216375307491,25,4153.5,12888.8,139500,2.567e+18,4,36,4,1.6,"2026-05-11 13:21:27.23595"
"Almond.Abiodh de Sfax.Sfax",3,13.2505760204917,198.644304513936,0.103148201550716,25,4153.5,12888.8,139500,2.567e+18,4,36,4,1.6,"2026-05-11 13:22:08.20245"
"Almond.Abiodh de Sfax.Sfax",4,13.0270216431795,202.654589770104,0.10056987834164,25,4153.5,12888.8,139500,2.567e+18,4,36,4,1.6,"2026-05-11 13:22:47.972294"
"Almond.Abiodh de Sfax.Sfax",5,13.0210691298052,203.107787996051,0.100348197423195,25,4153.5,12888.8,139500,2.567e+18,4,36,4,1.6,"2026-05-11 13:23:28.271628"
"Almond.Abiodh de Sfax.Sfax",6,13.0385208942733,202.551672704813,0.100331330678189,25,4153.5,12888.8,139500,2.567e+18,4,36,4,1.6,"2026-05-11 13:24:08.849609"
"Almond.Abiodh de Sfax.Sfax",7,12.5169746916455,207.619478328762,0.112119912837572,25,4153.5,12888.8,139500,2.567e+18,4,36,4,1.6,"2026-05-11 13:24:48.693092"
"Almond.Abiodh de Sfax.Sfax",8,12.6528924616039,206.229843014485,0.108840558108876,25,4153.5,12888.8,139500,2.567e+18,4,36,4,1.6,"2026-05-11 13:25:28.151455"
"Almond.Abiodh de Sfax.Sfax",9,13.0390431738626,202.545620725215,0.100334787121196,25,4153.5,12888.8,139500,2.567e+18,4,36,4,1.6,"2026-05-11 13:26:16.48394"
"Almond.Abiodh de Sfax.Sfax",10,12.8833203564915,204.337067925077,0.103408720517245,25,4153.5,12888.8,139500,2.567e+18,4,36,4,1.6,"2026-05-11 13:26:55.963225"
"Almond.Abiodh Ras Djebel.Sfax",1,20.4417795678963,280.640338386853,1.08084209421526,25,4153.5,12888.8,139500,2.567e+18,4,36,4,1.6,"2026-05-11 13:11:38.15576"
"Almond.Abiodh Ras Djebel.Sfax",2,22.0183705920413,225.188272712746,0.131611889328503,25,4153.5,12888.8,139500,2.567e+18,4,36,4,1.6,"2026-05-11 13:12:22.440999"
"Almond.Abiodh Ras Djebel.Sfax",3,20.4595552407995,280.754174639319,1.15625671120101,25,4153.5,12888.8,139500,2.567e+18,4,36,4,1.6,"2026-05-11 13:12:58.991292"
"Almond.Abiodh Ras Djebel.Sfax",4,20.4539396385209,280.873269761746,1.17053303359962,25,4153.5,12888.8,139500,2.567e+18,4,36,4,1.6,"2026-05-11 13:13:34.667542"
"Almond.Abiodh Ras Djebel.Sfax",5,20.4414049972582,280.65438684298,1.08139110030132,25,4153.5,12888.8,139500,2.567e+18,4,36,4,1.6,"2026-05-11 13:14:09.686827"
"Almond.Abiodh Ras Djebel.Sfax",6,19.6084506646869,278.337943034926,0.513629309209187,25,4153.5,12888.8,139500,2.567e+18,4,36,4,1.6,"2026-05-11 13:14:45.903606"
"Almond.Abiodh Ras Djebel.Sfax",7,20.4603937489776,280.797567062212,1.1662051930442,25,4153.5,12888.8,139500,2.567e+18,4,36,4,1.6,"2026-05-11 13:15:21.428126"
"Almond.Abiodh Ras Djebel.Sfax",8,20.4964494805052,280.003198074662,1.08183245945983,25,4153.5,12888.8,139500,2.567e+18,4,36,4,1.6,"2026-05-11 13:15:57.345483"
"Almond.Abiodh Ras Djebel.Sfax",9,20.6241489534422,237.283843196899,0.165157238304983,25,4153.5,12888.8,139500,2.567e+18,4,36,4,1.6,"2026-05-11 13:20:42.257958"
"Almond.Abiodh Ras Djebel.Sfax",10,23.3295012172677,209.292573298741,0.100643564740399,25,4153.5,12888.8,139500,2.567e+18,4,36,4,1.6,"2026-05-11 13:21:20.995857"
"Almond.Achaak.combined",1,11.0177101902361,239.804805716888,0.135625363589741,25,4153.5,12888.8,139500,2.567e+18,4,36,4,1.6,"2026-05-11 14:04:30.172386"
"Almond.Achaak.combined",2,11.7582303826206,230.073762101173,0.11294209852391,25,4153.5,12888.8,139500,2.567e+18,4,36,4,1.6,"2026-05-11 14:05:32.901911"
"Almond.Achaak.combined",3,10.6710785269282,244.44161643709,0.146040474331754,25,4153.5,12888.8,139500,2.567e+18,4,36,4,1.6,"2026-05-11 14:06:34.280301"
"Almond.Achaak.combined",4,11.8123690220157,229.475904970226,0.111582292702251,25,4153.5,12888.8,139500,2.567e+18,4,36,4,1.6,"2026-05-11 14:07:47.781346"
"Almond.Achaak.combined",5,10.6748509307606,244.386704201157,0.145929022846155,25,4153.5,12888.8,139500,2.567e+18,4,36,4,1.6,"2026-05-11 14:08:47.033028"
"Almond.Achaak.combined",6,11.3030087751285,235.761703719309,0.125639619366477,25,4153.5,12888.8,139500,2.567e+18,4,36,4,1.6,"2026-05-11 14:09:45.807745"
"Almond.Achaak.combined",7,11.4642488058412,233.671378502736,0.120442416643705,25,4153.5,12888.8,139500,2.567e+18,4,36,4,1.6,"2026-05-11 14:10:43.64413"
"Almond.Achaak.combined",8,11.0499543707037,239.352213267646,0.134411804989561,25,4153.5,12888.8,139500,2.567e+18,4,36,4,1.6,"2026-05-11 14:11:39.417006"
"Almond.Achaak.combined",9,11.8347893200007,229.223561010766,0.111112097316611,25,4153.5,12888.8,139500,2.567e+18,4,36,4,1.6,"2026-05-11 14:12:33.615121"
"Almond.Achaak.combined",10,11.4574137628362,233.763479767926,0.120533381309084,25,4153.5,12888.8,139500,2.567e+18,4,36,4,1.6,"2026-05-11 14:13:27.169196"
"Almond.Achaak.Santomera",1,14.9728655120344,260.51749658416,1.49823204825138,25,4153.5,12888.8,139500,2.567e+18,4,36,4,1.6,"2026-05-11 13:20:24.204693"
"Almond.Achaak.Santomera",2,15.2297974810762,247.490335283612,1.49922481911755,25,4153.5,12888.8,139500,2.567e+18,4,36,4,1.6,"2026-05-11 13:20:49.434597"
"Almond.Achaak.Santomera",3,15.2279332442877,247.518784914766,1.49687487666087,25,4153.5,12888.8,139500,2.567e+18,4,36,4,1.6,"2026-05-11 13:21:12.256935"
"Almond.Achaak.Santomera",4,15.2289867373311,247.240953704534,1.49529590948579,25,4153.5,12888.8,139500,2.567e+18,4,36,4,1.6,"2026-05-11 13:21:32.305001"
"Almond.Achaak.Santomera",5,14.8456111176663,261.746031091925,1.49989289678462,25,4153.5,12888.8,139500,2.567e+18,4,36,4,1.6,"2026-05-11 13:21:55.361426"
"Almond.Achaak.Santomera",6,15.2419455117657,247.103466057323,1.49885163632996,25,4153.5,12888.8,139500,2.567e+18,4,36,4,1.6,"2026-05-11 13:22:15.709938"
"Almond.Achaak.Santomera",7,15.2801279456922,247.07477799268,1.4996024968168,25,4153.5,12888.8,139500,2.567e+18,4,36,4,1.6,"2026-05-11 13:22:35.001274"
"Almond.Achaak.Santomera",8,15.2791388836837,247.078990926582,1.4983836062638,25,4153.5,12888.8,139500,2.567e+18,4,36,4,1.6,"2026-05-11 13:22:57.058593"
"Almond.Achaak.Santomera",9,15.2303673553618,247.212026517623,1.49865875256264,25,4153.5,12888.8,139500,2.567e+18,4,36,4,1.6,"2026-05-11 13:23:16.648463"
"Almond.Achaak.Santomera",10,15.2443550971432,247.079291083625,1.49957914337221,25,4153.5,12888.8,139500,2.567e+18,4,36,4,1.6,"2026-05-11 13:23:36.70294"
"Almond.Achaak.Sfax",1,12.1173991211957,226.245420365174,0.102980383883294,25,4153.5,12888.8,139500,2.567e+18,4,36,4,1.6,"2026-05-11 13:20:44.557898"
"Almond.Achaak.Sfax",2,11.4276928150301,234.141200572392,0.121434883400505,25,4153.5,12888.8,139500,2.567e+18,4,36,4,1.6,"2026-05-11 13:21:24.809283"
"Almond.Achaak.Sfax",3,12.1263721001233,226.143476024609,0.102629146162148,25,4153.5,12888.8,139500,2.567e+18,4,36,4,1.6,"2026-05-11 13:22:05.349331"
"Almond.Achaak.Sfax",4,11.4309685478569,234.107150476672,0.121411993423552,25,4153.5,12888.8,139500,2.567e+18,4,36,4,1.6,"2026-05-11 13:22:46.096444"
"Almond.Achaak.Sfax",5,12.1123629592774,226.282769128454,0.10296337118277,25,4153.5,12888.8,139500,2.567e+18,4,36,4,1.6,"2026-05-11 13:23:26.773809"
"Almond.Achaak.Sfax",6,12.0937735624183,226.492532687787,0.103401388554807,25,4153.5,12888.8,139500,2.567e+18,4,36,4,1.6,"2026-05-11 13:24:06.583977"
"Almond.Achaak.Sfax",7,11.931888737599,228.11038133587,0.107810023838412,25,4153.5,12888.8,139500,2.567e+18,4,36,4,1.6,"2026-05-11 13:24:44.732787"
"Almond.Achaak.Sfax",8,11.6604575328652,231.198741775352,0.115446312061168,25,4153.5,12888.8,139500,2.567e+18,4,36,4,1.6,"2026-05-11 13:25:23.194979"
"Almond.Achaak.Sfax",9,12.1103059477718,226.320538939332,0.103071248177793,25,4153.5,12888.8,139500,2.567e+18,4,36,4,1.6,"2026-05-11 13:26:03.781905"
"Almond.Achaak.Sfax",10,12.1357469728879,226.060963011315,0.102585912164565,25,4153.5,12888.8,139500,2.567e+18,4,36,4,1.6,"2026-05-11 13:26:45.24246"
"Almond.Avola.Sfax",1,17.5948946246473,246.534274391639,0.100920933035161,25,4153.5,12888.8,139500,2.567e+18,4,36,4,1.6,"2026-05-11 13:20:43.303199"
"Almond.Avola.Sfax",2,17.6326289213179,246.05601924112,0.100476088653056,25,4153.5,12888.8,139500,2.567e+18,4,36,4,1.6,"2026-05-11 13:21:22.665729"
"Almond.Avola.Sfax",3,17.5163985763153,247.346956906866,0.102281571649132,25,4153.5,12888.8,139500,2.567e+18,4,36,4,1.6,"2026-05-11 13:22:01.936496"
"Almond.Avola.Sfax",4,17.41520509874,248.186367475421,0.10350752091848,25,4153.5,12888.8,139500,2.567e+18,4,36,4,1.6,"2026-05-11 13:22:47.58361"
"Almond.Avola.Sfax",5,17.6019956000492,246.397364598411,0.100975793747339,25,4153.5,12888.8,139500,2.567e+18,4,36,4,1.6,"2026-05-11 13:23:26.280628"
"Almond.Avola.Sfax",6,17.5810082117801,246.631281310753,0.101424848471359,25,4153.5,12888.8,139500,2.567e+18,4,36,4,1.6,"2026-05-11 13:24:05.115673"
"Almond.Avola.Sfax",7,18.3669306815865,242.65140509399,0.102986096419825,25,4153.5,12888.8,139500,2.567e+18,4,36,4,1.6,"2026-05-11 13:24:49.081522"
"Almond.Avola.Sfax",8,17.5611367995826,246.996760742418,0.100983499315155,25,4153.5,12888.8,139500,2.567e+18,4,36,4,1.6,"2026-05-11 13:25:27.795244"
"Almond.Avola.Sfax",9,18.2650232466285,243.791586489866,0.104923522467241,25,4153.5,12888.8,139500,2.567e+18,4,36,4,1.6,"2026-05-11 13:26:08.330962"
"Almond.Avola.Sfax",10,17.5756250328463,246.677603348791,0.101486328646641,25,4153.5,12888.8,139500,2.567e+18,4,36,4,1.6,"2026-05-11 13:26:47.248857"
"Almond.Bonifacio.Sfax",1,19.752944781166,323.044809942992,0.300283942986707,25,4153.5,12888.8,139500,2.567e+18,4,36,4,1.6,"2026-05-11 13:20:43.922464"
"Almond.Bonifacio.Sfax",2,19.7537759934338,323.016919918336,0.300062722309219,25,4153.5,12888.8,139500,2.567e+18,4,36,4,1.6,"2026-05-11 13:21:23.996625"
"Almond.Bonifacio.Sfax",3,19.7548153912702,323.017611849392,0.300173170287835,25,4153.5,12888.8,139500,2.567e+18,4,36,4,1.6,"2026-05-11 13:22:04.66107"
"Almond.Bonifacio.Sfax",4,19.755748235923,322.979291644215,0.299858085554307,25,4153.5,12888.8,139500,2.567e+18,4,36,4,1.6,"2026-05-11 13:22:45.783393"
"Almond.Bonifacio.Sfax",5,19.7507416218696,323.049949112714,0.300082542429491,25,4153.5,12888.8,139500,2.567e+18,4,36,4,1.6,"2026-05-11 13:23:24.995851"
"Almond.Bonifacio.Sfax",6,19.7532748771355,323.043429728151,0.300266098361158,25,4153.5,12888.8,139500,2.567e+18,4,36,4,1.6,"2026-05-11 13:24:04.211239"
"Almond.Bonifacio.Sfax",7,19.754977331024,323.044622031267,0.300407289487517,25,4153.5,12888.8,139500,2.567e+18,4,36,4,1.6,"2026-05-11 13:24:43.545725"
"Almond.Bonifacio.Sfax",8,19.7537796108656,323.009954362853,0.299999937288414,25,4153.5,12888.8,139500,2.567e+18,4,36,4,1.6,"2026-05-11 13:25:22.781384"
"Almond.Bonifacio.Sfax",9,19.751995531057,323.071848807484,0.300411557736407,25,4153.5,12888.8,139500,2.567e+18,4,36,4,1.6,"2026-05-11 13:26:03.803866"
"Almond.Bonifacio.Sfax",10,19.7496398971138,323.096937803861,0.300413407809737,25,4153.5,12888.8,139500,2.567e+18,4,36,4,1.6,"2026-05-11 13:26:43.265421"
"Almond.Bruantine.Sfax",1,14.5423633635203,301.510094029392,0.10138017149847,25,4153.5,12888.8,139500,2.567e+18,4,36,4,1.6,"2026-05-11 13:20:39.651371"
"Almond.Bruantine.Sfax",2,14.340884741768,304.078350618712,0.105327600033283,25,4153.5,12888.8,139500,2.567e+18,4,36,4,1.6,"2026-05-11 13:21:15.427612"
"Almond.Bruantine.Sfax",3,14.5329018632522,301.641128123999,0.101624955894528,25,4153.5,12888.8,139500,2.567e+18,4,36,4,1.6,"2026-05-11 13:21:51.315594"
"Almond.Bruantine.Sfax",4,14.5621826900923,301.004871133711,0.10002474119142,25,4153.5,12888.8,139500,2.567e+18,4,36,4,1.6,"2026-05-11 13:22:26.374925"
"Almond.Bruantine.Sfax",5,14.5517965800178,301.395856921826,0.101261752253097,25,4153.5,12888.8,139500,2.567e+18,4,36,4,1.6,"2026-05-11 13:23:01.455384"
"Almond.Bruantine.Sfax",6,14.5578131162685,301.324765971019,0.101172545290822,25,4153.5,12888.8,139500,2.567e+18,4,36,4,1.6,"2026-05-11 13:23:36.174215"
"Almond.Bruantine.Sfax",7,14.3237492538828,304.392468042597,0.101142839944827,25,4153.5,12888.8,139500,2.567e+18,4,36,4,1.6,"2026-05-11 13:24:15.352705"
"Almond.Bruantine.Sfax",8,14.5265274805363,301.722414707973,0.101838073751354,25,4153.5,12888.8,139500,2.567e+18,4,36,4,1.6,"2026-05-11 13:24:50.55009"
"Almond.Bruantine.Sfax",9,14.5398622988858,301.296973077064,0.100430786209282,25,4153.5,12888.8,139500,2.567e+18,4,36,4,1.6,"2026-05-11 13:25:25.001745"
"Almond.Bruantine.Sfax",10,14.5867874694893,300.907300502964,0.100513266000628,25,4153.5,12888.8,139500,2.567e+18,4,36,4,1.6,"2026-05-11 13:25:58.840211"
"Almond.Cavaliera.Sfax",1,11.6984687669014,231.269452236651,0.100438136680019,25,4153.5,12888.8,139500,2.567e+18,4,36,4,1.6,"2026-05-11 13:20:39.982377"
"Almond.Cavaliera.Sfax",2,11.6970927603663,231.281414507616,0.100461931821335,25,4153.5,12888.8,139500,2.567e+18,4,36,4,1.6,"2026-05-11 13:21:22.825691"
"Almond.Cavaliera.Sfax",3,11.6460979004739,231.831313726658,0.101699991445988,25,4153.5,12888.8,139500,2.567e+18,4,36,4,1.6,"2026-05-11 13:21:59.307378"
"Almond.Cavaliera.Sfax",4,11.7024475778797,231.206444813156,0.100201915080196,25,4153.5,12888.8,139500,2.567e+18,4,36,4,1.6,"2026-05-11 13:22:35.159099"
"Almond.Cavaliera.Sfax",5,11.6692982265722,231.574805237436,0.101080844432526,25,4153.5,12888.8,139500,2.567e+18,4,36,4,1.6,"2026-05-11 13:23:10.652352"
"Almond.Cavaliera.Sfax",6,11.7597241091895,230.916604241933,0.100681156514595,25,4153.5,12888.8,139500,2.567e+18,4,36,4,1.6,"2026-05-11 13:23:46.300172"
"Almond.Cavaliera.Sfax",7,11.6987716688974,231.274301452126,0.100446892043941,25,4153.5,12888.8,139500,2.567e+18,4,36,4,1.6,"2026-05-11 13:24:25.041586"
"Almond.Cavaliera.Sfax",8,10.9660388016674,239.889838081124,0.11988719040937,25,4153.5,12888.8,139500,2.567e+18,4,36,4,1.6,"2026-05-11 13:25:00.373749"
"Almond.Cavaliera.Sfax",9,11.7139340159569,231.098161902208,0.100004765702544,25,4153.5,12888.8,139500,2.567e+18,4,36,4,1.6,"2026-05-11 13:25:35.378706"
"Almond.Cavaliera.Sfax",10,11.7012682886444,231.252455686761,0.100435363352577,25,4153.5,12888.8,139500,2.567e+18,4,36,4,1.6,"2026-05-11 13:26:09.549521"
"Almond.Cristomorto.Sfax",1,23.6439090281022,313.146993406189,1.489752708354,25,4153.5,12888.8,139500,2.567e+18,4,36,4,1.6,"2026-05-11 13:20:42.881577"
"Almond.Cristomorto.Sfax",2,23.6369195847957,313.219870990156,1.48358708076263,25,4153.5,12888.8,139500,2.567e+18,4,36,4,1.6,"2026-05-11 13:21:28.437616"
"Almond.Cristomorto.Sfax",3,23.6403855143139,313.214568789478,1.49891388457395,25,4153.5,12888.8,139500,2.567e+18,4,36,4,1.6,"2026-05-11 13:22:06.723494"
"Almond.Cristomorto.Sfax",4,23.638780265683,313.220863126679,1.48695588797579,25,4153.5,12888.8,139500,2.567e+18,4,36,4,1.6,"2026-05-11 13:22:44.463532"
"Almond.Cristomorto.Sfax",5,23.6415872361961,313.181366818639,1.49288872532888,25,4153.5,12888.8,139500,2.567e+18,4,36,4,1.6,"2026-05-11 13:23:22.215215"
"Almond.Cristomorto.Sfax",6,23.6377507186009,313.226952071027,1.49038886336334,25,4153.5,12888.8,139500,2.567e+18,4,36,4,1.6,"2026-05-11 13:23:59.787218"
"Almond.Cristomorto.Sfax",7,23.5782140045279,313.559212560055,1.45861333637287,25,4153.5,12888.8,139500,2.567e+18,4,36,4,1.6,"2026-05-11 13:24:37.021497"
"Almond.Cristomorto.Sfax",8,23.6389607400576,313.19802746317,1.48902448785301,25,4153.5,12888.8,139500,2.567e+18,4,36,4,1.6,"2026-05-11 13:25:14.317473"
"Almond.Cristomorto.Sfax",9,23.6368536227404,313.233817541545,1.49326726071429,25,4153.5,12888.8,139500,2.567e+18,4,36,4,1.6,"2026-05-11 13:25:51.348513"
"Almond.Cristomorto.Sfax",10,23.6436897519437,313.168929694478,1.49577712724194,25,4153.5,12888.8,139500,2.567e+18,4,36,4,1.6,"2026-05-11 13:26:27.120166"
"Almond.Desmayo.Santomera",1,10.3913316746236,287.448164656885,0.271050517409525,25,4153.5,12888.8,139500,2.567e+18,4,36,4,1.6,"2026-05-11 13:20:35.037234"
"Almond.Desmayo.Santomera",2,10.5084112589041,288.078915816333,0.286486582983564,25,4153.5,12888.8,139500,2.567e+18,4,36,4,1.6,"2026-05-11 13:21:06.550509"
"Almond.Desmayo.Santomera",3,10.0803148254308,299.070574093127,0.315811411168656,25,4153.5,12888.8,139500,2.567e+18,4,36,4,1.6,"2026-05-11 13:21:38.893116"
"Almond.Desmayo.Santomera",4,10.0896751336236,298.88598906139,0.315103398596952,25,4153.5,12888.8,139500,2.567e+18,4,36,4,1.6,"2026-05-11 13:22:10.596522"
"Almond.Desmayo.Santomera",5,10.0857635010532,298.931123803317,0.315217345086418,25,4153.5,12888.8,139500,2.567e+18,4,36,4,1.6,"2026-05-11 13:22:42.440667"
"Almond.Desmayo.Santomera",6,10.0898828891127,298.877903799271,0.315063857088999,25,4153.5,12888.8,139500,2.567e+18,4,36,4,1.6,"2026-05-11 13:23:14.30321"
"Almond.Desmayo.Santomera",7,10.4962073595872,284.015394170837,0.258316203297402,25,4153.5,12888.8,139500,2.567e+18,4,36,4,1.6,"2026-05-11 13:23:45.880787"
"Almond.Desmayo.Santomera",8,10.0869309877657,298.921754327165,0.31516919404538,25,4153.5,12888.8,139500,2.567e+18,4,36,4,1.6,"2026-05-11 13:24:16.554495"
"Almond.Desmayo.Santomera",9,10.0807822329193,299.021602455781,0.315503475770696,25,4153.5,12888.8,139500,2.567e+18,4,36,4,1.6,"2026-05-11 13:24:47.80158"
"Almond.Desmayo.Santomera",10,10.0908885417679,298.894485111887,0.315196285536387,25,4153.5,12888.8,139500,2.567e+18,4,36,4,1.6,"2026-05-11 13:25:18.570882"
"Almond.Doree.Sfax",1,20.3129905248918,352.309719646095,1.48080965820648,25,4153.5,12888.8,139500,2.567e+18,4,36,4,1.6,"2026-05-11 13:20:38.598481"
"Almond.Doree.Sfax",2,19.3854807836773,298.792032255093,0.10017027001305,25,4153.5,12888.8,139500,2.567e+18,4,36,4,1.6,"2026-05-11 13:21:14.229918"
"Almond.Doree.Sfax",3,20.3138504089526,352.294931604653,1.47991807368376,25,4153.5,12888.8,139500,2.567e+18,4,36,4,1.6,"2026-05-11 13:21:49.710992"
"Almond.Doree.Sfax",4,20.312278151538,352.315213979121,1.4807617483257,25,4153.5,12888.8,139500,2.567e+18,4,36,4,1.6,"2026-05-11 13:22:32.75822"
"Almond.Doree.Sfax",5,20.3125312330083,352.306622225256,1.47917367403086,25,4153.5,12888.8,139500,2.567e+18,4,36,4,1.6,"2026-05-11 13:23:09.4771"
"Almond.Doree.Sfax",6,20.311265590076,352.328279617992,1.47974290155928,25,4153.5,12888.8,139500,2.567e+18,4,36,4,1.6,"2026-05-11 13:23:44.478122"
"Almond.Doree.Sfax",7,20.3118941778686,352.319621880634,1.47905489589139,25,4153.5,12888.8,139500,2.567e+18,4,36,4,1.6,"2026-05-11 13:24:19.345951"
"Almond.Doree.Sfax",8,19.3861791533452,291.583608961772,0.100684332852076,25,4153.5,12888.8,139500,2.567e+18,4,36,4,1.6,"2026-05-11 13:25:01.907751"
"Almond.Doree.Sfax",9,20.3116433389918,352.317351272274,1.47940120504808,25,4153.5,12888.8,139500,2.567e+18,4,36,4,1.6,"2026-05-11 13:25:36.738061"
"Almond.Doree.Sfax",10,20.332438512198,352.022436275962,1.49957481085833,25,4153.5,12888.8,139500,2.567e+18,4,36,4,1.6,"2026-05-11 13:26:11.58026"
"Almond.Faggoussi.Sfax",1,21.4393333059695,264.876388403875,1.46657889251721,25,4153.5,12888.8,139500,2.567e+18,4,36,4,1.6,"2026-05-11 13:20:41.970484"
"Almond.Faggoussi.Sfax",2,21.4630602819047,264.65337622366,1.48448205193274,25,4153.5,12888.8,139500,2.567e+18,4,36,4,1.6,"2026-05-11 13:21:19.953762"
"Almond.Faggoussi.Sfax",3,21.4427574180076,264.839799230836,1.46661385827053,25,4153.5,12888.8,139500,2.567e+18,4,36,4,1.6,"2026-05-11 13:21:58.210293"
"Almond.Faggoussi.Sfax",4,21.4571638393742,264.732972431111,1.49205424878746,25,4153.5,12888.8,139500,2.567e+18,4,36,4,1.6,"2026-05-11 13:22:36.143334"
"Almond.Faggoussi.Sfax",5,21.454512795659,264.766522328087,1.4957280662322,25,4153.5,12888.8,139500,2.567e+18,4,36,4,1.6,"2026-05-11 13:23:13.778173"
"Almond.Faggoussi.Sfax",6,21.4419700710145,264.851087926073,1.46340205876309,25,4153.5,12888.8,139500,2.567e+18,4,36,4,1.6,"2026-05-11 13:23:51.256274"
"Almond.Faggoussi.Sfax",7,21.459684971397,264.69737657944,1.48814878897924,25,4153.5,12888.8,139500,2.567e+18,4,36,4,1.6,"2026-05-11 13:24:27.571056"
"Almond.Faggoussi.Sfax",8,21.4487246198805,264.748424042484,1.46539409029722,25,4153.5,12888.8,139500,2.567e+18,4,36,4,1.6,"2026-05-11 13:25:05.076877"
"Almond.Faggoussi.Sfax",9,21.4559034594697,264.751546890251,1.49172362442719,25,4153.5,12888.8,139500,2.567e+18,4,36,4,1.6,"2026-05-11 13:25:52.249524"
"Almond.Faggoussi.Sfax",10,21.4430418065586,264.839744343351,1.4672838753186,25,4153.5,12888.8,139500,2.567e+18,4,36,4,1.6,"2026-05-11 13:26:29.392871"
"Almond.Fakhfekh.Sfax",1,11.9045873594403,193.437258554963,0.121666448510139,25,4153.5,12888.8,139500,2.567e+18,4,36,4,1.6,"2026-05-11 13:20:42.616042"
"Almond.Fakhfekh.Sfax",2,11.6265261615739,196.264481736308,0.129785423463763,25,4153.5,12888.8,139500,2.567e+18,4,36,4,1.6,"2026-05-11 13:21:21.105473"
"Almond.Fakhfekh.Sfax",3,12.2428879467162,190.025884777307,0.112677184782873,25,4153.5,12888.8,139500,2.567e+18,4,36,4,1.6,"2026-05-11 13:21:59.969525"
"Almond.Fakhfekh.Sfax",4,11.5211288602425,197.457387502239,0.13298132567252,25,4153.5,12888.8,139500,2.567e+18,4,36,4,1.6,"2026-05-11 13:22:38.187221"
"Almond.Fakhfekh.Sfax",5,11.5715666220096,196.862304898932,0.131381589243749,25,4153.5,12888.8,139500,2.567e+18,4,36,4,1.6,"2026-05-11 13:23:15.895826"
"Almond.Fakhfekh.Sfax",6,12.0299760475396,192.117456009549,0.118487234799526,25,4153.5,12888.8,139500,2.567e+18,4,36,4,1.6,"2026-05-11 13:23:53.845454"
"Almond.Fakhfekh.Sfax",7,12.4953221453086,187.805587409386,0.106305325845961,25,4153.5,12888.8,139500,2.567e+18,4,36,4,1.6,"2026-05-11 13:24:33.393682"
"Almond.Fakhfekh.Sfax",8,11.9414765685181,193.048756968386,0.120643973749343,25,4153.5,12888.8,139500,2.567e+18,4,36,4,1.6,"2026-05-11 13:25:13.482539"
"Almond.Fakhfekh.Sfax",9,12.2731142256376,189.780207880043,0.111780763634808,25,4153.5,12888.8,139500,2.567e+18,4,36,4,1.6,"2026-05-11 13:25:51.867085"
"Almond.Fakhfekh.Sfax",10,12.4294970904119,188.338902290763,0.10833551980826,25,4153.5,12888.8,139500,2.567e+18,4,36,4,1.6,"2026-05-11 13:26:29.056182"
"Almond.Fasciuneddu.Sfax",1,17.0131074505342,251.662802952493,0.100684354229378,25,4153.5,12888.8,139500,2.567e+18,4,36,4,1.6,"2026-05-11 13:20:45.022889"
"Almond.Fasciuneddu.Sfax",2,17.0382148141785,251.430732503054,0.100268766244317,25,4153.5,12888.8,139500,2.567e+18,4,36,4,1.6,"2026-05-11 13:21:21.199278"
"Almond.Fasciuneddu.Sfax",3,17.052524450346,251.261879399184,0.100020632600514,25,4153.5,12888.8,139500,2.567e+18,4,36,4,1.6,"2026-05-11 13:22:04.837041"
"Almond.Fasciuneddu.Sfax",4,17.0442250655015,251.352707501983,0.100102962384201,25,4153.5,12888.8,139500,2.567e+18,4,36,4,1.6,"2026-05-11 13:22:44.067155"
"Almond.Fasciuneddu.Sfax",5,17.0403618164483,251.338300846523,0.100041561384218,25,4153.5,12888.8,139500,2.567e+18,4,36,4,1.6,"2026-05-11 13:23:19.849618"
"Almond.Fasciuneddu.Sfax",6,16.9999443472782,251.737436888001,0.100659236981579,25,4153.5,12888.8,139500,2.567e+18,4,36,4,1.6,"2026-05-11 13:23:55.503036"
"Almond.Fasciuneddu.Sfax",7,16.9711858764517,252.789891540956,0.100099727027263,25,4153.5,12888.8,139500,2.567e+18,4,36,4,1.6,"2026-05-11 13:24:30.831663"
"Almond.Fasciuneddu.Sfax",8,17.0336526315153,251.445784419519,0.100333180317566,25,4153.5,12888.8,139500,2.567e+18,4,36,4,1.6,"2026-05-11 13:25:06.309498"
"Almond.Fasciuneddu.Sfax",9,17.0361425064783,251.437985224006,0.100228413057023,25,4153.5,12888.8,139500,2.567e+18,4,36,4,1.6,"2026-05-11 13:25:42.194818"
"Almond.Fasciuneddu.Sfax",10,17.0304487525586,251.481797545601,0.100352259458594,25,4153.5,12888.8,139500,2.567e+18,4,36,4,1.6,"2026-05-11 13:26:17.366759"
"Almond.Ferraduel.combined",1,21.825573325539,389.56820767816,1.02694529129906,25,4153.5,12888.8,139500,2.567e+18,4,36,4,1.6,"2026-05-11 14:04:10.841385"
"Almond.Ferraduel.combined",2,21.8265956260509,389.529131860037,1.02174556817762,25,4153.5,12888.8,139500,2.567e+18,4,36,4,1.6,"2026-05-11 14:04:52.960397"
"Almond.Ferraduel.combined",3,21.2547145929446,396.194519700164,1.49300770396367,25,4153.5,12888.8,139500,2.567e+18,4,36,4,1.6,"2026-05-11 14:05:34.589929"
"Almond.Ferraduel.combined",4,21.8197521012593,389.702272129547,1.03022294030758,25,4153.5,12888.8,139500,2.567e+18,4,36,4,1.6,"2026-05-11 14:06:19.01938"
"Almond.Ferraduel.combined",5,21.8773898496134,388.660939982815,1.00422732193564,25,4153.5,12888.8,139500,2.567e+18,4,36,4,1.6,"2026-05-11 14:07:00.233779"
"Almond.Ferraduel.combined",6,21.2536236886176,396.196086283246,1.48974846392965,25,4153.5,12888.8,139500,2.567e+18,4,36,4,1.6,"2026-05-11 14:07:41.452443"
"Almond.Ferraduel.combined",7,21.8205875199935,389.653277124442,1.0273735372659,25,4153.5,12888.8,139500,2.567e+18,4,36,4,1.6,"2026-05-11 14:08:22.760955"
"Almond.Ferraduel.combined",8,21.8791843076363,388.632022074971,1.00253443862399,25,4153.5,12888.8,139500,2.567e+18,4,36,4,1.6,"2026-05-11 14:09:03.667016"
"Almond.Ferraduel.combined",9,21.8969771679641,388.419352547415,1.01444833481896,25,4153.5,12888.8,139500,2.567e+18,4,36,4,1.6,"2026-05-11 14:09:43.569978"
"Almond.Ferraduel.combined",10,21.8342795240585,389.489797964852,1.02973993201195,25,4153.5,12888.8,139500,2.567e+18,4,36,4,1.6,"2026-05-11 14:10:33.675441"
"Almond.Ferraduel.Sfax",1,21.825573325539,389.56820767816,1.02694529129906,25,4153.5,12888.8,139500,2.567e+18,4,36,4,1.6,"2026-05-11 13:20:44.049991"
"Almond.Ferraduel.Sfax",2,21.8265956260509,389.529131860037,1.02174556817762,25,4153.5,12888.8,139500,2.567e+18,4,36,4,1.6,"2026-05-11 13:21:23.814927"
"Almond.Ferraduel.Sfax",3,21.2547145929446,396.194519700164,1.49300770396367,25,4153.5,12888.8,139500,2.567e+18,4,36,4,1.6,"2026-05-11 13:22:03.221422"
"Almond.Ferraduel.Sfax",4,21.8197521012593,389.702272129547,1.03022294030758,25,4153.5,12888.8,139500,2.567e+18,4,36,4,1.6,"2026-05-11 13:22:45.501725"
"Almond.Ferraduel.Sfax",5,21.8773898496134,388.660939982815,1.00422732193564,25,4153.5,12888.8,139500,2.567e+18,4,36,4,1.6,"2026-05-11 13:23:24.839929"
"Almond.Ferraduel.Sfax",6,21.2536236886176,396.196086283246,1.48974846392965,25,4153.5,12888.8,139500,2.567e+18,4,36,4,1.6,"2026-05-11 13:24:04.162039"
"Almond.Ferraduel.Sfax",7,21.8205875199935,389.653277124442,1.0273735372659,25,4153.5,12888.8,139500,2.567e+18,4,36,4,1.6,"2026-05-11 13:24:43.981276"
"Almond.Ferraduel.Sfax",8,21.8791843076363,388.632022074971,1.00253443862399,25,4153.5,12888.8,139500,2.567e+18,4,36,4,1.6,"2026-05-11 13:25:24.001083"
"Almond.Ferraduel.Sfax",9,21.8969771679641,388.419352547415,1.01444833481896,25,4153.5,12888.8,139500,2.567e+18,4,36,4,1.6,"2026-05-11 13:26:02.823159"
"Almond.Ferraduel.Sfax",10,21.8342795240585,389.489797964852,1.02973993201195,25,4153.5,12888.8,139500,2.567e+18,4,36,4,1.6,"2026-05-11 13:26:51.357816"
"Almond.Ferragnes.combined",1,20.3210817486462,413.123468075751,0.425891275399494,25,4153.5,12888.8,139500,2.567e+18,4,36,4,1.6,"2026-05-11 14:06:01.646984"
"Almond.Ferragnes.combined",2,20.3182967567168,413.140382131396,0.425556859274599,25,4153.5,12888.8,139500,2.567e+18,4,36,4,1.6,"2026-05-11 14:08:27.976205"
"Almond.Ferragnes.combined",3,20.3176117006262,413.144947350385,0.425439489402252,25,4153.5,12888.8,139500,2.567e+18,4,36,4,1.6,"2026-05-11 14:10:50.238265"
"Almond.Ferragnes.combined",4,20.3213472301206,413.143423655742,0.426357877336381,25,4153.5,12888.8,139500,2.567e+18,4,36,4,1.6,"2026-05-11 14:13:05.777609"
"Almond.Ferragnes.combined",5,20.3186085822982,413.133869929645,0.425403819039287,25,4153.5,12888.8,139500,2.567e+18,4,36,4,1.6,"2026-05-11 14:15:44.501672"
"Almond.Ferragnes.combined",6,20.3164202080903,413.180029901658,0.425704476109548,25,4153.5,12888.8,139500,2.567e+18,4,36,4,1.6,"2026-05-11 14:17:56.78081"
"Almond.Ferragnes.combined",7,20.3210142560164,413.147788942321,0.42641918341453,25,4153.5,12888.8,139500,2.567e+18,4,36,4,1.6,"2026-05-11 14:20:07.368851"
"Almond.Ferragnes.combined",8,20.3197676899453,413.154505634846,0.426362551481929,25,4153.5,12888.8,139500,2.567e+18,4,36,4,1.6,"2026-05-11 14:22:14.949791"
"Almond.Ferragnes.combined",9,20.3180536318177,413.140207703916,0.425462443156604,25,4153.5,12888.8,139500,2.567e+18,4,36,4,1.6,"2026-05-11 16:08:21.952177"
"Almond.Ferragnes.combined",10,20.3177864678521,413.148316282368,0.425583330732154,25,4153.5,12888.8,139500,2.567e+18,4,36,4,1.6,"2026-05-11 16:10:56.605554"
"Almond.Ferragnes.Meknes",1,27.1813493612388,366.784989216325,1.49758852127172,25,4153.5,12888.8,139500,2.567e+18,4,36,4,1.6,"2026-05-11 13:21:18.755533"
"Almond.Ferragnes.Meknes",2,27.1825351132362,366.769936928319,1.49856438728369,25,4153.5,12888.8,139500,2.567e+18,4,36,4,1.6,"2026-05-11 13:22:23.413937"
"Almond.Ferragnes.Meknes",3,27.1830689980819,366.767591554264,1.49772789715467,25,4153.5,12888.8,139500,2.567e+18,4,36,4,1.6,"2026-05-11 13:23:39.08423"
"Almond.Ferragnes.Meknes",4,27.178001889885,366.8444869,1.49998392331773,25,4153.5,12888.8,139500,2.567e+18,4,36,4,1.6,"2026-05-11 13:24:55.044969"
"Almond.Ferragnes.Meknes",5,26.4681410639136,309.181552376057,0.101051296757282,25,4153.5,12888.8,139500,2.567e+18,4,36,4,1.6,"2026-05-11 13:25:58.720673"
"Almond.Ferragnes.Meknes",6,27.1821945929361,366.775800107112,1.49734947161529,25,4153.5,12888.8,139500,2.567e+18,4,36,4,1.6,"2026-05-11 13:27:01.451973"
"Almond.Ferragnes.Meknes",7,27.1783008043187,366.840952740944,1.4997419207295,25,4153.5,12888.8,139500,2.567e+18,4,36,4,1.6,"2026-05-11 13:28:01.84586"
"Almond.Ferragnes.Meknes",8,27.1781067375087,366.843372253787,1.49981520513779,25,4153.5,12888.8,139500,2.567e+18,4,36,4,1.6,"2026-05-11 13:29:02.499676"
"Almond.Ferragnes.Meknes",9,27.1825100134679,366.774132062674,1.49827044925106,25,4153.5,12888.8,139500,2.567e+18,4,36,4,1.6,"2026-05-11 13:30:02.832907"
"Almond.Ferragnes.Meknes",10,27.183353748148,366.759895522879,1.49840196814142,25,4153.5,12888.8,139500,2.567e+18,4,36,4,1.6,"2026-05-11 13:31:02.542467"
"Almond.Ferragnes.Santomera",1,17.7451184279058,348.779185382816,0.11866101047421,25,4153.5,12888.8,139500,2.567e+18,4,36,4,1.6,"2026-05-11 13:20:42.185451"
"Almond.Ferragnes.Santomera",2,17.9740189153903,344.976225500303,0.113351763368703,25,4153.5,12888.8,139500,2.567e+18,4,36,4,1.6,"2026-05-11 13:21:28.49357"
"Almond.Ferragnes.Santomera",3,17.9501803646066,345.360790366951,0.113831692746238,25,4153.5,12888.8,139500,2.567e+18,4,36,4,1.6,"2026-05-11 13:22:07.473571"
"Almond.Ferragnes.Santomera",4,17.697626876761,349.325706507571,0.119014477619693,25,4153.5,12888.8,139500,2.567e+18,4,36,4,1.6,"2026-05-11 13:22:45.845246"
"Almond.Ferragnes.Santomera",5,17.6429257492041,350.121700882185,0.119905416936917,25,4153.5,12888.8,139500,2.567e+18,4,36,4,1.6,"2026-05-11 13:23:23.428652"
"Almond.Ferragnes.Santomera",6,18.9420300124891,340.009920670936,0.105454923566713,25,4153.5,12888.8,139500,2.567e+18,4,36,4,1.6,"2026-05-11 13:24:08.165591"
"Almond.Ferragnes.Santomera",7,19.2796988407622,334.966923394604,0.100133175290124,25,4153.5,12888.8,139500,2.567e+18,4,36,4,1.6,"2026-05-11 13:24:51.316212"
"Almond.Ferragnes.Santomera",8,19.2449642723148,335.283892395344,0.100023525348092,25,4153.5,12888.8,139500,2.567e+18,4,36,4,1.6,"2026-05-11 13:25:29.413469"
"Almond.Ferragnes.Santomera",9,17.6449368336639,350.613846558457,0.120782321378755,25,4153.5,12888.8,139500,2.567e+18,4,36,4,1.6,"2026-05-11 13:26:07.480925"
"Almond.Ferragnes.Santomera",10,17.805370994164,347.590739235677,0.116225079877706,25,4153.5,12888.8,139500,2.567e+18,4,36,4,1.6,"2026-05-11 13:26:44.947911"
"Almond.Ferragnes.Sfax",1,21.0056243632699,398.593368803168,1.47396152257102,25,4153.5,12888.8,139500,2.567e+18,4,36,4,1.6,"2026-05-11 13:20:40.079088"
"Almond.Ferragnes.Sfax",2,21.0803057256808,397.785398102818,1.4994300080987,25,4153.5,12888.8,139500,2.567e+18,4,36,4,1.6,"2026-05-11 13:21:15.613024"
"Almond.Ferragnes.Sfax",3,21.0047708187819,398.599198618428,1.47345921591938,25,4153.5,12888.8,139500,2.567e+18,4,36,4,1.6,"2026-05-11 13:21:53.66432"
"Almond.Ferragnes.Sfax",4,21.0090423352455,398.538409411697,1.46683063958719,25,4153.5,12888.8,139500,2.567e+18,4,36,4,1.6,"2026-05-11 13:22:29.853552"
"Almond.Ferragnes.Sfax",5,21.0077211060292,398.565048470388,1.46790553033709,25,4153.5,12888.8,139500,2.567e+18,4,36,4,1.6,"2026-05-11 13:23:11.026557"
"Almond.Ferragnes.Sfax",6,21.0095530654335,398.536396225806,1.46530456941409,25,4153.5,12888.8,139500,2.567e+18,4,36,4,1.6,"2026-05-11 13:23:46.486854"
"Almond.Ferragnes.Sfax",7,21.0824024696949,397.768405429176,1.49874981566724,25,4153.5,12888.8,139500,2.567e+18,4,36,4,1.6,"2026-05-11 13:24:22.190804"
"Almond.Ferragnes.Sfax",8,21.0293763847522,398.413803445967,1.4984561825417,25,4153.5,12888.8,139500,2.567e+18,4,36,4,1.6,"2026-05-11 13:24:57.236238"
"Almond.Ferragnes.Sfax",9,21.0146265002705,398.476897013254,1.45853547577674,25,4153.5,12888.8,139500,2.567e+18,4,36,4,1.6,"2026-05-11 13:25:32.345963"
"Almond.Ferragnes.Sfax",10,21.0050253490523,398.595744202837,1.47612097290781,25,4153.5,12888.8,139500,2.567e+18,4,36,4,1.6,"2026-05-11 13:26:08.10329"
"Almond.Fournat de Breznaud.Sfax",1,21.7956819491629,305.592461572451,0.748894510821888,25,4153.5,12888.8,139500,2.567e+18,4,36,4,1.6,"2026-05-11 13:20:37.977168"
"Almond.Fournat de Breznaud.Sfax",2,21.6819799151921,306.284127540482,0.708251461013822,25,4153.5,12888.8,139500,2.567e+18,4,36,4,1.6,"2026-05-11 13:21:12.768569"
"Almond.Fournat de Breznaud.Sfax",3,18.913374209683,277.888655012109,0.101037002745462,25,4153.5,12888.8,139500,2.567e+18,4,36,4,1.6,"2026-05-11 13:21:47.432114"
"Almond.Fournat de Breznaud.Sfax",4,18.3707613688577,279.788564876434,0.102236240037839,25,4153.5,12888.8,139500,2.567e+18,4,36,4,1.6,"2026-05-11 13:22:22.411643"
"Almond.Fournat de Breznaud.Sfax",5,18.8939468763409,277.798410585606,0.100991412497899,25,4153.5,12888.8,139500,2.567e+18,4,36,4,1.6,"2026-05-11 13:22:57.480579"
"Almond.Fournat de Breznaud.Sfax",6,18.9450327759454,277.401899716708,0.100911302624412,25,4153.5,12888.8,139500,2.567e+18,4,36,4,1.6,"2026-05-11 13:23:31.767396"
"Almond.Fournat de Breznaud.Sfax",7,17.795437210233,288.63362031345,0.116201061909865,25,4153.5,12888.8,139500,2.567e+18,4,36,4,1.6,"2026-05-11 13:24:05.766285"
"Almond.Fournat de Breznaud.Sfax",8,21.2031289797886,258.735232297802,0.100648900516739,25,4153.5,12888.8,139500,2.567e+18,4,36,4,1.6,"2026-05-11 13:24:39.997171"
"Almond.Fournat de Breznaud.Sfax",9,21.7852017336182,305.6538384637,0.743126596122184,25,4153.5,12888.8,139500,2.567e+18,4,36,4,1.6,"2026-05-11 13:25:13.350844"
"Almond.Fournat de Breznaud.Sfax",10,21.7746421051319,305.794880358785,0.743580872066753,25,4153.5,12888.8,139500,2.567e+18,4,36,4,1.6,"2026-05-11 13:25:47.511042"
"Almond.Garnghzel.Sfax",1,11.0425415275973,231.603488443535,0.115220595871709,25,4153.5,12888.8,139500,2.567e+18,4,36,4,1.6,"2026-05-11 13:20:36.377823"
"Almond.Garnghzel.Sfax",2,11.39327795146,228.18133662639,0.107947364346027,25,4153.5,12888.8,139500,2.567e+18,4,36,4,1.6,"2026-05-11 13:21:08.010864"
"Almond.Garnghzel.Sfax",3,10.7911891442865,235.529483037623,0.127845292407746,25,4153.5,12888.8,139500,2.567e+18,4,36,4,1.6,"2026-05-11 13:21:39.636081"
"Almond.Garnghzel.Sfax",4,10.804830317872,235.361171679714,0.127436431856086,25,4153.5,12888.8,139500,2.567e+18,4,36,4,1.6,"2026-05-11 13:22:13.45388"
"Almond.Garnghzel.Sfax",5,11.6212953964128,225.440793115869,0.100514452883226,25,4153.5,12888.8,139500,2.567e+18,4,36,4,1.6,"2026-05-11 13:22:44.116836"
"Almond.Garnghzel.Sfax",6,10.7874624289146,235.547253668756,0.127804128303757,25,4153.5,12888.8,139500,2.567e+18,4,36,4,1.6,"2026-05-11 13:23:15.120861"
"Almond.Garnghzel.Sfax",7,10.7288951693241,235.973749244783,0.127582548491082,25,4153.5,12888.8,139500,2.567e+18,4,36,4,1.6,"2026-05-11 13:23:46.102792"
"Almond.Garnghzel.Sfax",8,11.2978287484585,229.274843260294,0.111216914218814,25,4153.5,12888.8,139500,2.567e+18,4,36,4,1.6,"2026-05-11 13:24:17.013997"
"Almond.Garnghzel.Sfax",9,10.0629833340062,246.289700413866,0.158747161813756,25,4153.5,12888.8,139500,2.567e+18,4,36,4,1.6,"2026-05-11 13:24:48.648881"
"Almond.Garnghzel.Sfax",10,10.2308431920901,243.30880893978,0.14845100116063,25,4153.5,12888.8,139500,2.567e+18,4,36,4,1.6,"2026-05-11 13:25:19.265124"
"Almond.Genco Taronto.Sfax",1,23.6170125036884,332.575364064818,1.49303320914203,25,4153.5,12888.8,139500,2.567e+18,4,36,4,1.6,"2026-05-11 13:20:39.157694"
"Almond.Genco Taronto.Sfax",2,23.6223134508358,332.49073409187,1.4871370379378,25,4153.5,12888.8,139500,2.567e+18,4,36,4,1.6,"2026-05-11 13:21:14.86152"
"Almond.Genco Taronto.Sfax",3,23.6136165796436,332.61415752366,1.49142694682884,25,4153.5,12888.8,139500,2.567e+18,4,36,4,1.6,"2026-05-11 13:21:50.087293"
"Almond.Genco Taronto.Sfax",4,23.6229536986355,332.498717436421,1.49313513102862,25,4153.5,12888.8,139500,2.567e+18,4,36,4,1.6,"2026-05-11 13:22:25.697262"
"Almond.Genco Taronto.Sfax",5,23.6276848355908,332.448512059264,1.49620657221988,25,4153.5,12888.8,139500,2.567e+18,4,36,4,1.6,"2026-05-11 13:23:00.644293"
"Almond.Genco Taronto.Sfax",6,23.6475321846927,332.026416509318,1.49575211661887,25,4153.5,12888.8,139500,2.567e+18,4,36,4,1.6,"2026-05-11 13:23:35.805035"
"Almond.Genco Taronto.Sfax",7,23.6141786688665,332.570241349751,1.47613154431102,25,4153.5,12888.8,139500,2.567e+18,4,36,4,1.6,"2026-05-11 13:24:10.83212"
"Almond.Genco Taronto.Sfax",8,23.6462094254145,332.036598441273,1.49857888174742,25,4153.5,12888.8,139500,2.567e+18,4,36,4,1.6,"2026-05-11 13:24:45.731222"
"Almond.Genco Taronto.Sfax",9,23.611558474134,332.627710522587,1.48642233026223,25,4153.5,12888.8,139500,2.567e+18,4,36,4,1.6,"2026-05-11 13:25:20.548592"
"Almond.Genco Taronto.Sfax",10,23.6152932012363,332.579914871356,1.49529360762855,25,4153.5,12888.8,139500,2.567e+18,4,36,4,1.6,"2026-05-11 13:25:58.500889"
"Almond.Khoukhi.Sfax",1,19.5704905198066,260.571703697255,0.575774664368032,25,4153.5,12888.8,139500,2.567e+18,4,36,4,1.6,"2026-05-11 13:20:40.00828"
"Almond.Khoukhi.Sfax",2,19.9528706583766,255.983169985198,0.560068702717023,25,4153.5,12888.8,139500,2.567e+18,4,36,4,1.6,"2026-05-11 13:21:15.257767"
"Almond.Khoukhi.Sfax",3,19.5683942785124,260.646623565234,0.577857308605784,25,4153.5,12888.8,139500,2.567e+18,4,36,4,1.6,"2026-05-11 13:21:50.884749"
"Almond.Khoukhi.Sfax",4,20.0129007571559,255.257621438898,0.557669665634563,25,4153.5,12888.8,139500,2.567e+18,4,36,4,1.6,"2026-05-11 13:22:26.940988"
"Almond.Khoukhi.Sfax",5,19.5763593095766,260.42628453572,0.572793622106493,25,4153.5,12888.8,139500,2.567e+18,4,36,4,1.6,"2026-05-11 13:23:02.542349"
"Almond.Khoukhi.Sfax",6,19.9636547603053,255.406612016962,0.551764242235004,25,4153.5,12888.8,139500,2.567e+18,4,36,4,1.6,"2026-05-11 13:23:38.512148"
"Almond.Khoukhi.Sfax",7,19.565486982707,260.732735004131,0.579329524556255,25,4153.5,12888.8,139500,2.567e+18,4,36,4,1.6,"2026-05-11 13:24:14.275122"
"Almond.Khoukhi.Sfax",8,19.5601126720351,260.75728125699,0.578599859547213,25,4153.5,12888.8,139500,2.567e+18,4,36,4,1.6,"2026-05-11 13:24:50.501685"
"Almond.Khoukhi.Sfax",9,19.9987692576904,255.489165693327,0.554876387222702,25,4153.5,12888.8,139500,2.567e+18,4,36,4,1.6,"2026-05-11 13:25:26.424297"
"Almond.Khoukhi.Sfax",10,19.5776426838147,260.416800237946,0.574197670810876,25,4153.5,12888.8,139500,2.567e+18,4,36,4,1.6,"2026-05-11 13:26:02.311337"
"Almond.Ksontini.Sfax",1,13.3028090382388,217.945752701064,0.108386995307601,25,4153.5,12888.8,139500,2.567e+18,4,36,4,1.6,"2026-05-11 13:20:48.546778"
"Almond.Ksontini.Sfax",2,13.2848291058278,218.415427706793,0.109845303973003,25,4153.5,12888.8,139500,2.567e+18,4,36,4,1.6,"2026-05-11 13:21:31.290353"
"Almond.Ksontini.Sfax",3,13.3885410981231,217.325724328833,0.107466868392193,25,4153.5,12888.8,139500,2.567e+18,4,36,4,1.6,"2026-05-11 13:22:17.690671"
"Almond.Ksontini.Sfax",4,13.3137671195341,217.834016494972,0.108173819257105,25,4153.5,12888.8,139500,2.567e+18,4,36,4,1.6,"2026-05-11 13:23:08.602831"
"Almond.Ksontini.Sfax",5,20.1045765664509,190.688446168342,1.33684687793574,25,4153.5,12888.8,139500,2.567e+18,4,36,4,1.6,"2026-05-11 13:23:53.671143"
"Almond.Ksontini.Sfax",6,13.3067208741299,216.341654109308,0.101570768556901,25,4153.5,12888.8,139500,2.567e+18,4,36,4,1.6,"2026-05-11 13:24:40.151966"
"Almond.Ksontini.Sfax",7,13.2850359383489,218.420964274508,0.109861720886452,25,4153.5,12888.8,139500,2.567e+18,4,36,4,1.6,"2026-05-11 13:25:25.578358"
"Almond.Ksontini.Sfax",8,13.288598764653,218.383779462855,0.109808783239273,25,4153.5,12888.8,139500,2.567e+18,4,36,4,1.6,"2026-05-11 13:26:10.974633"
"Almond.Ksontini.Sfax",9,18.6105009076823,201.209515355996,0.587276168067716,25,4153.5,12888.8,139500,2.567e+18,4,36,4,1.6,"2026-05-11 13:26:54.463089"
"Almond.Ksontini.Sfax",10,13.5276611198034,215.932605541818,0.104090800632754,25,4153.5,12888.8,139500,2.567e+18,4,36,4,1.6,"2026-05-11 13:27:33.167497"
"Almond.Languedoc.Sfax",1,16.4461559107699,293.533784564696,0.100849609821877,25,4153.5,12888.8,139500,2.567e+18,4,36,4,1.6,"2026-05-11 13:20:45.142002"
"Almond.Languedoc.Sfax",2,16.4882333974028,292.728288636147,0.100177021139534,25,4153.5,12888.8,139500,2.567e+18,4,36,4,1.6,"2026-05-11 13:21:23.940732"
"Almond.Languedoc.Sfax",3,15.8671554294394,296.259588801847,0.100245313164537,25,4153.5,12888.8,139500,2.567e+18,4,36,4,1.6,"2026-05-11 13:22:06.799031"
"Almond.Languedoc.Sfax",4,15.8569109801928,296.449732114586,0.100231125483978,25,4153.5,12888.8,139500,2.567e+18,4,36,4,1.6,"2026-05-11 13:22:49.57436"
"Almond.Languedoc.Sfax",5,16.4651678804618,293.272006774828,0.100371436721646,25,4153.5,12888.8,139500,2.567e+18,4,36,4,1.6,"2026-05-11 13:23:31.387886"
"Almond.Languedoc.Sfax",6,15.8161305747385,296.957549202338,0.10113509697722,25,4153.5,12888.8,139500,2.567e+18,4,36,4,1.6,"2026-05-11 13:24:13.320541"
"Almond.Languedoc.Sfax",7,16.4478504605064,293.303194366612,0.100201549735163,25,4153.5,12888.8,139500,2.567e+18,4,36,4,1.6,"2026-05-11 13:24:55.429961"
"Almond.Languedoc.Sfax",8,16.4439579024853,293.321818763861,0.100171924174846,25,4153.5,12888.8,139500,2.567e+18,4,36,4,1.6,"2026-05-11 13:25:37.121714"
"Almond.Languedoc.Sfax",9,15.8790429239074,296.27399230453,0.100412163429034,25,4153.5,12888.8,139500,2.567e+18,4,36,4,1.6,"2026-05-11 13:26:22.871584"
"Almond.Languedoc.Sfax",10,16.4038747864646,293.949149228599,0.101282240379198,25,4153.5,12888.8,139500,2.567e+18,4,36,4,1.6,"2026-05-11 13:27:07.024207"
"Almond.Malaguena.combined",1,18.8172102605202,253.844201413,0.101005632874527,25,4153.5,12888.8,139500,2.567e+18,4,36,4,1.6,"2026-05-11 14:04:06.783547"
"Almond.Malaguena.combined",2,18.7601209904333,254.009002191361,0.100091588365355,25,4153.5,12888.8,139500,2.567e+18,4,36,4,1.6,"2026-05-11 14:04:43.62477"
"Almond.Malaguena.combined",3,18.7707194243793,254.188254607545,0.101142935827245,25,4153.5,12888.8,139500,2.567e+18,4,36,4,1.6,"2026-05-11 14:05:23.897321"
"Almond.Malaguena.combined",4,18.8661997752114,253.321778009872,0.100113849775263,25,4153.5,12888.8,139500,2.567e+18,4,36,4,1.6,"2026-05-11 14:06:00.711182"
"Almond.Malaguena.combined",5,18.7400553748986,254.210842517509,0.100394336190833,25,4153.5,12888.8,139500,2.567e+18,4,36,4,1.6,"2026-05-11 14:06:37.109575"
"Almond.Malaguena.combined",6,18.7290443998228,254.329425088069,0.100548230486258,25,4153.5,12888.8,139500,2.567e+18,4,36,4,1.6,"2026-05-11 14:07:13.553237"
"Almond.Malaguena.combined",7,18.8310571036687,253.716391246192,0.100705649654376,25,4153.5,12888.8,139500,2.567e+18,4,36,4,1.6,"2026-05-11 14:07:50.261684"
"Almond.Malaguena.combined",8,18.7532261762425,254.065681256503,0.100195037464574,25,4153.5,12888.8,139500,2.567e+18,4,36,4,1.6,"2026-05-11 14:08:26.618859"
"Almond.Malaguena.combined",9,18.742550120734,254.177701612738,0.100354226966584,25,4153.5,12888.8,139500,2.567e+18,4,36,4,1.6,"2026-05-11 14:09:07.583088"
"Almond.Malaguena.combined",10,18.7524176575334,254.069328499423,0.100148010829443,25,4153.5,12888.8,139500,2.567e+18,4,36,4,1.6,"2026-05-11 14:09:43.154204"
"Almond.Malaguena.Sfax",1,18.8172102605202,253.844201413,0.101005632874527,25,4153.5,12888.8,139500,2.567e+18,4,36,4,1.6,"2026-05-11 13:20:45.698881"
"Almond.Malaguena.Sfax",2,18.7601209904333,254.009002191361,0.100091588365355,25,4153.5,12888.8,139500,2.567e+18,4,36,4,1.6,"2026-05-11 13:21:23.958404"
"Almond.Malaguena.Sfax",3,18.7707194243793,254.188254607545,0.101142935827245,25,4153.5,12888.8,139500,2.567e+18,4,36,4,1.6,"2026-05-11 13:22:09.615215"
"Almond.Malaguena.Sfax",4,18.8661997752114,253.321778009872,0.100113849775263,25,4153.5,12888.8,139500,2.567e+18,4,36,4,1.6,"2026-05-11 13:22:51.573166"
"Almond.Malaguena.Sfax",5,18.7400553748986,254.210842517509,0.100394336190833,25,4153.5,12888.8,139500,2.567e+18,4,36,4,1.6,"2026-05-11 13:23:33.126595"
"Almond.Malaguena.Sfax",6,18.7290443998228,254.329425088069,0.100548230486258,25,4153.5,12888.8,139500,2.567e+18,4,36,4,1.6,"2026-05-11 13:24:14.963495"
"Almond.Malaguena.Sfax",7,18.8310571036687,253.716391246192,0.100705649654376,25,4153.5,12888.8,139500,2.567e+18,4,36,4,1.6,"2026-05-11 13:24:56.715067"
"Almond.Malaguena.Sfax",8,18.7532261762425,254.065681256503,0.100195037464574,25,4153.5,12888.8,139500,2.567e+18,4,36,4,1.6,"2026-05-11 13:25:38.073136"
"Almond.Malaguena.Sfax",9,18.742550120734,254.177701612738,0.100354226966584,25,4153.5,12888.8,139500,2.567e+18,4,36,4,1.6,"2026-05-11 13:26:25.336371"
"Almond.Malaguena.Sfax",10,18.7524176575334,254.069328499423,0.100148010829443,25,4153.5,12888.8,139500,2.567e+18,4,36,4,1.6,"2026-05-11 13:27:04.660974"
"Almond.Marcona.combined",1,20.2154212933743,288.405193191901,0.102181551090085,25,4153.5,12888.8,139500,2.567e+18,4,36,4,1.6,"2026-05-11 14:05:25.786608"
"Almond.Marcona.combined",2,17.8419285665166,330.916681650028,0.16560959356,25,4153.5,12888.8,139500,2.567e+18,4,36,4,1.6,"2026-05-11 14:07:25.890725"
"Almond.Marcona.combined",3,20.2921204722281,287.37514589234,0.100637487735611,25,4153.5,12888.8,139500,2.567e+18,4,36,4,1.6,"2026-05-11 14:09:27.424317"
"Almond.Marcona.combined",4,20.1811483829468,288.796539056311,0.102686232352719,25,4153.5,12888.8,139500,2.567e+18,4,36,4,1.6,"2026-05-11 14:11:27.234285"
"Almond.Marcona.combined",5,20.2099619675917,288.426581098882,0.102138818435303,25,4153.5,12888.8,139500,2.567e+18,4,36,4,1.6,"2026-05-11 14:13:23.242852"
"Almond.Marcona.combined",6,20.2214324434434,288.278996484767,0.101934953512334,25,4153.5,12888.8,139500,2.567e+18,4,36,4,1.6,"2026-05-11 14:14:55.856882"
"Almond.Marcona.combined",7,21.6291590117689,321.341061144138,1.49478668150555,25,4153.5,12888.8,139500,2.567e+18,4,36,4,1.6,"2026-05-11 14:16:28.776901"
"Almond.Marcona.combined",8,20.2137220274664,288.36842187208,0.102025411704166,25,4153.5,12888.8,139500,2.567e+18,4,36,4,1.6,"2026-05-11 14:18:00.630501"
"Almond.Marcona.combined",9,20.2129580093704,288.386486625493,0.102077123173326,25,4153.5,12888.8,139500,2.567e+18,4,36,4,1.6,"2026-05-11 14:19:31.954543"
"Almond.Marcona.combined",10,20.2719314230098,287.497599032364,0.100550071201261,25,4153.5,12888.8,139500,2.567e+18,4,36,4,1.6,"2026-05-11 14:21:27.178076"
"Almond.Marcona.Meknes",1,20.3517888224569,293.909698107744,0.102250064151514,25,4153.5,12888.8,139500,2.567e+18,4,36,4,1.6,"2026-05-11 13:21:14.529315"
"Almond.Marcona.Meknes",2,20.6995594488542,290.602676799138,0.100316694463713,25,4153.5,12888.8,139500,2.567e+18,4,36,4,1.6,"2026-05-11 13:22:31.227005"
"Almond.Marcona.Meknes",3,26.4662602013586,293.468465383484,1.48782307662293,25,4153.5,12888.8,139500,2.567e+18,4,36,4,1.6,"2026-05-11 13:23:58.588701"
"Almond.Marcona.Meknes",4,20.6975408009478,290.620996574642,0.100339211753061,25,4153.5,12888.8,139500,2.567e+18,4,36,4,1.6,"2026-05-11 13:25:12.792668"
"Almond.Marcona.Meknes",5,19.3566542006635,304.694900611657,0.107247769849902,25,4153.5,12888.8,139500,2.567e+18,4,36,4,1.6,"2026-05-11 13:26:24.822971"
"Almond.Marcona.Meknes",6,20.5980937197971,291.874860763221,0.101960298078319,25,4153.5,12888.8,139500,2.567e+18,4,36,4,1.6,"2026-05-11 13:27:31.026866"
"Almond.Marcona.Meknes",7,18.678713113601,314.497894068287,0.120720552880871,25,4153.5,12888.8,139500,2.567e+18,4,36,4,1.6,"2026-05-11 13:28:28.914296"
"Almond.Marcona.Meknes",8,19.2871505584977,305.603501877379,0.108458554588912,25,4153.5,12888.8,139500,2.567e+18,4,36,4,1.6,"2026-05-11 13:29:26.430647"
"Almond.Marcona.Meknes",9,20.6710407961453,290.968338999338,0.100309581763093,25,4153.5,12888.8,139500,2.567e+18,4,36,4,1.6,"2026-05-11 13:30:31.195161"
"Almond.Marcona.Meknes",10,20.6445488506602,291.335646658897,0.100267816508391,25,4153.5,12888.8,139500,2.567e+18,4,36,4,1.6,"2026-05-11 13:31:38.225334"
"Almond.Marcona.Santomera",1,14.5775347289138,360.467065834827,0.358727589797759,25,4153.5,12888.8,139500,2.567e+18,4,36,4,1.6,"2026-05-11 13:20:44.389923"
"Almond.Marcona.Santomera",2,14.7956704593072,350.612085762112,0.303799598093179,25,4153.5,12888.8,139500,2.567e+18,4,36,4,1.6,"2026-05-11 13:21:29.2667"
"Almond.Marcona.Santomera",3,14.8390613630862,348.703735186474,0.294503050999457,25,4153.5,12888.8,139500,2.567e+18,4,36,4,1.6,"2026-05-11 13:22:10.307779"
"Almond.Marcona.Santomera",4,14.7923885040556,350.707201435902,0.304210144712918,25,4153.5,12888.8,139500,2.567e+18,4,36,4,1.6,"2026-05-11 13:22:53.064075"
"Almond.Marcona.Santomera",5,14.79859123181,350.481341816027,0.303347493477672,25,4153.5,12888.8,139500,2.567e+18,4,36,4,1.6,"2026-05-11 13:23:36.453343"
"Almond.Marcona.Santomera",6,14.7907383162431,350.390676400999,0.302631528672457,25,4153.5,12888.8,139500,2.567e+18,4,36,4,1.6,"2026-05-11 13:24:17.35273"
"Almond.Marcona.Santomera",7,14.7933743496066,350.715182549986,0.304396625591919,25,4153.5,12888.8,139500,2.567e+18,4,36,4,1.6,"2026-05-11 13:24:58.26921"
"Almond.Marcona.Santomera",8,14.5630878735341,360.982805560998,0.361966123524334,25,4153.5,12888.8,139500,2.567e+18,4,36,4,1.6,"2026-05-11 13:25:39.775815"
"Almond.Marcona.Santomera",9,14.7913665945912,350.786354541013,0.304699048094651,25,4153.5,12888.8,139500,2.567e+18,4,36,4,1.6,"2026-05-11 13:26:20.842824"
"Almond.Marcona.Santomera",10,14.7865789642247,350.454107651073,0.302716431036019,25,4153.5,12888.8,139500,2.567e+18,4,36,4,1.6,"2026-05-11 13:26:59.909127"
"Almond.Mazzetto.Sfax",1,20.7489901438999,409.874765896109,0.841222945117832,25,4153.5,12888.8,139500,2.567e+18,4,36,4,1.6,"2026-05-11 13:20:55.050426"
"Almond.Mazzetto.Sfax",2,20.885519986001,409.467858759599,0.948191087986858,25,4153.5,12888.8,139500,2.567e+18,4,36,4,1.6,"2026-05-11 13:21:36.011417"
"Almond.Mazzetto.Sfax",3,20.8019863893457,409.089547969401,0.856963197199549,25,4153.5,12888.8,139500,2.567e+18,4,36,4,1.6,"2026-05-11 13:22:20.237359"
"Almond.Mazzetto.Sfax",4,20.8848781350925,409.469102382827,0.948224624196975,25,4153.5,12888.8,139500,2.567e+18,4,36,4,1.6,"2026-05-11 13:23:10.462485"
"Almond.Mazzetto.Sfax",5,20.8857797056036,409.459964993858,0.948109901394726,25,4153.5,12888.8,139500,2.567e+18,4,36,4,1.6,"2026-05-11 13:23:53.978257"
"Almond.Mazzetto.Sfax",6,20.8807261239207,409.493214982484,0.944994691429276,25,4153.5,12888.8,139500,2.567e+18,4,36,4,1.6,"2026-05-11 13:24:37.535016"
"Almond.Mazzetto.Sfax",7,20.881420740913,409.503086894539,0.949424647302278,25,4153.5,12888.8,139500,2.567e+18,4,36,4,1.6,"2026-05-11 13:25:27.153752"
"Almond.Mazzetto.Sfax",8,20.7490605409953,409.873730231127,0.841339404814985,25,4153.5,12888.8,139500,2.567e+18,4,36,4,1.6,"2026-05-11 13:26:10.212447"
"Almond.Mazzetto.Sfax",9,20.7485464850045,409.874568384103,0.841092686112825,25,4153.5,12888.8,139500,2.567e+18,4,36,4,1.6,"2026-05-11 13:26:53.959343"
"Almond.Mazzetto.Sfax",10,20.7946568082066,409.230544289772,0.85372003724172,25,4153.5,12888.8,139500,2.567e+18,4,36,4,1.6,"2026-05-11 13:27:30.860711"
"Almond.Montrone.Sfax",1,15.9477237269659,321.498316752191,0.104052769129624,25,4153.5,12888.8,139500,2.567e+18,4,36,4,1.6,"2026-05-11 13:20:50.915873"
"Almond.Montrone.Sfax",2,15.9551088901248,321.379584993625,0.103874437437993,25,4153.5,12888.8,139500,2.567e+18,4,36,4,1.6,"2026-05-11 13:21:30.953108"
"Almond.Montrone.Sfax",3,16.03509944887,320.470870724779,0.103080686740814,25,4153.5,12888.8,139500,2.567e+18,4,36,4,1.6,"2026-05-11 13:22:13.972887"
"Almond.Montrone.Sfax",4,16.0223297362316,320.367628673365,0.102997451271914,25,4153.5,12888.8,139500,2.567e+18,4,36,4,1.6,"2026-05-11 13:22:57.125965"
"Almond.Montrone.Sfax",5,15.9604642634958,321.296780576942,0.103767666965405,25,4153.5,12888.8,139500,2.567e+18,4,36,4,1.6,"2026-05-11 13:23:39.762569"
"Almond.Montrone.Sfax",6,15.9486987547929,321.453133065986,0.1039811628041,25,4153.5,12888.8,139500,2.567e+18,4,36,4,1.6,"2026-05-11 13:24:22.409778"
"Almond.Montrone.Sfax",7,15.9467876895352,321.498960696171,0.104029379916986,25,4153.5,12888.8,139500,2.567e+18,4,36,4,1.6,"2026-05-11 13:25:06.206561"
"Almond.Montrone.Sfax",8,16.0222899117466,320.339668859361,0.102942727192945,25,4153.5,12888.8,139500,2.567e+18,4,36,4,1.6,"2026-05-11 13:25:57.361451"
"Almond.Montrone.Sfax",9,15.9695461760445,321.176247804943,0.103608518461408,25,4153.5,12888.8,139500,2.567e+18,4,36,4,1.6,"2026-05-11 13:26:39.310049"
"Almond.Montrone.Sfax",10,15.8179737933058,323.437181805098,0.107164567919197,25,4153.5,12888.8,139500,2.567e+18,4,36,4,1.6,"2026-05-11 13:27:22.582742"
"Almond.Ne Plus Ultra.Sfax",1,16.1161892383701,266.609948397579,0.100185995494976,25,4153.5,12888.8,139500,2.567e+18,4,36,4,1.6,"2026-05-11 13:20:44.924894"
"Almond.Ne Plus Ultra.Sfax",2,16.1055952251486,266.735873227705,0.10035142171121,25,4153.5,12888.8,139500,2.567e+18,4,36,4,1.6,"2026-05-11 13:21:23.30209"
"Almond.Ne Plus Ultra.Sfax",3,16.1161866672053,266.606616586305,0.10011322575398,25,4153.5,12888.8,139500,2.567e+18,4,36,4,1.6,"2026-05-11 13:22:05.2073"
"Almond.Ne Plus Ultra.Sfax",4,16.124368889976,266.513570084689,0.100014449748613,25,4153.5,12888.8,139500,2.567e+18,4,36,4,1.6,"2026-05-11 13:22:47.241153"
"Almond.Ne Plus Ultra.Sfax",5,16.1113311405096,266.662177308986,0.100257435597921,25,4153.5,12888.8,139500,2.567e+18,4,36,4,1.6,"2026-05-11 13:23:28.548783"
"Almond.Ne Plus Ultra.Sfax",6,16.0869963099005,266.952356403474,0.100673742400005,25,4153.5,12888.8,139500,2.567e+18,4,36,4,1.6,"2026-05-11 13:24:10.315076"
"Almond.Ne Plus Ultra.Sfax",7,16.0927435911413,266.908268022069,0.100530768990699,25,4153.5,12888.8,139500,2.567e+18,4,36,4,1.6,"2026-05-11 13:24:51.48451"
"Almond.Ne Plus Ultra.Sfax",8,16.0856846996973,266.973271449321,0.100677178161848,25,4153.5,12888.8,139500,2.567e+18,4,36,4,1.6,"2026-05-11 13:25:32.571458"
"Almond.Ne Plus Ultra.Sfax",9,16.1061397977602,266.730982128711,0.10025728854495,25,4153.5,12888.8,139500,2.567e+18,4,36,4,1.6,"2026-05-11 13:26:13.476098"
"Almond.Ne Plus Ultra.Sfax",10,16.119673482951,266.565279461765,0.100026303023313,25,4153.5,12888.8,139500,2.567e+18,4,36,4,1.6,"2026-05-11 13:26:53.291039"
"Almond.Nonpareil.Sfax",1,20.6732813296052,359.829354773507,1.47480764824568,25,4153.5,12888.8,139500,2.567e+18,4,36,4,1.6,"2026-05-11 13:20:57.178218"
"Almond.Nonpareil.Sfax",2,20.6474345390523,359.603579592023,1.48873521077043,25,4153.5,12888.8,139500,2.567e+18,4,36,4,1.6,"2026-05-11 13:21:40.302746"
"Almond.Nonpareil.Sfax",3,20.6503275151887,359.5744557003,1.48332675290538,25,4153.5,12888.8,139500,2.567e+18,4,36,4,1.6,"2026-05-11 13:22:34.849687"
"Almond.Nonpareil.Sfax",4,20.6504322458598,359.655620627133,1.49479196414691,25,4153.5,12888.8,139500,2.567e+18,4,36,4,1.6,"2026-05-11 13:23:20.280005"
"Almond.Nonpareil.Sfax",5,20.670668253703,359.844762622049,1.47023411696738,25,4153.5,12888.8,139500,2.567e+18,4,36,4,1.6,"2026-05-11 13:24:08.721441"
"Almond.Nonpareil.Sfax",6,20.6615203014341,359.904507843846,1.44943262686772,25,4153.5,12888.8,139500,2.567e+18,4,36,4,1.6,"2026-05-11 13:25:00.690704"
"Almond.Nonpareil.Sfax",7,20.6684803017147,359.948075427646,1.47628940707599,25,4153.5,12888.8,139500,2.567e+18,4,36,4,1.6,"2026-05-11 13:25:45.608852"
"Almond.Nonpareil.Sfax",8,20.6621485362975,359.891536787523,1.45234943564913,25,4153.5,12888.8,139500,2.567e+18,4,36,4,1.6,"2026-05-11 13:26:35.099608"
"Almond.Nonpareil.Sfax",9,20.6509037270159,359.655091587922,1.49731960641029,25,4153.5,12888.8,139500,2.567e+18,4,36,4,1.6,"2026-05-11 13:27:16.764619"
"Almond.Nonpareil.Sfax",10,20.6494659906009,359.970320273266,1.43835585753998,25,4153.5,12888.8,139500,2.567e+18,4,36,4,1.6,"2026-05-11 13:28:00.484183"
"Almond.Pizzuta.Sfax",1,13.3700321624772,268.858725199696,0.100111395330393,25,4153.5,12888.8,139500,2.567e+18,4,36,4,1.6,"2026-05-11 13:20:44.729701"
"Almond.Pizzuta.Sfax",2,16.111922881087,249.295044164675,0.100318410882236,25,4153.5,12888.8,139500,2.567e+18,4,36,4,1.6,"2026-05-11 13:21:22.749615"
"Almond.Pizzuta.Sfax",3,13.2767135088213,270.027478491734,0.102173356202797,25,4153.5,12888.8,139500,2.567e+18,4,36,4,1.6,"2026-05-11 13:22:04.247133"
"Almond.Pizzuta.Sfax",4,13.2648455275305,270.168182603458,0.102408857614915,25,4153.5,12888.8,139500,2.567e+18,4,36,4,1.6,"2026-05-11 13:22:45.948009"
"Almond.Pizzuta.Sfax",5,13.3342985613523,269.300920936387,0.10099292971635,25,4153.5,12888.8,139500,2.567e+18,4,36,4,1.6,"2026-05-11 13:23:33.398204"
"Almond.Pizzuta.Sfax",6,13.3578724416206,269.021003386872,0.10035756757878,25,4153.5,12888.8,139500,2.567e+18,4,36,4,1.6,"2026-05-11 13:24:15.317666"
"Almond.Pizzuta.Sfax",7,13.2946688984415,269.801742950205,0.101774468474072,25,4153.5,12888.8,139500,2.567e+18,4,36,4,1.6,"2026-05-11 13:24:56.742349"
"Almond.Pizzuta.Sfax",8,13.3617170288545,268.93603833618,0.100743616312007,25,4153.5,12888.8,139500,2.567e+18,4,36,4,1.6,"2026-05-11 13:25:43.53267"
"Almond.Pizzuta.Sfax",9,13.4019168930974,268.453445224593,0.10007010944175,25,4153.5,12888.8,139500,2.567e+18,4,36,4,1.6,"2026-05-11 13:26:23.564749"
"Almond.Pizzuta.Sfax",10,13.3601831198286,268.989897613903,0.100290819195901,25,4153.5,12888.8,139500,2.567e+18,4,36,4,1.6,"2026-05-11 13:27:01.832442"
"Almond.Ramlet R249.Sfax",1,16.1666613012755,248.530747457077,0.100020698097422,25,4153.5,12888.8,139500,2.567e+18,4,36,4,1.6,"2026-05-11 13:20:47.741204"
"Almond.Ramlet R249.Sfax",2,16.1697472285595,248.486153575286,0.100135835816111,25,4153.5,12888.8,139500,2.567e+18,4,36,4,1.6,"2026-05-11 13:21:30.30015"
"Almond.Ramlet R249.Sfax",3,16.1411507454008,248.863074820085,0.100723412372341,25,4153.5,12888.8,139500,2.567e+18,4,36,4,1.6,"2026-05-11 13:22:15.310432"
"Almond.Ramlet R249.Sfax",4,16.1407552880652,248.952660142106,0.101058966201853,25,4153.5,12888.8,139500,2.567e+18,4,36,4,1.6,"2026-05-11 13:22:57.152469"
"Almond.Ramlet R249.Sfax",5,16.1679976472268,248.513838455614,0.100040129337421,25,4153.5,12888.8,139500,2.567e+18,4,36,4,1.6,"2026-05-11 13:23:38.351099"
"Almond.Ramlet R249.Sfax",6,16.1321817180183,248.919295637192,0.100779966295267,25,4153.5,12888.8,139500,2.567e+18,4,36,4,1.6,"2026-05-11 13:24:19.458437"
"Almond.Ramlet R249.Sfax",7,16.1528002478869,248.743399270262,0.100545158995624,25,4153.5,12888.8,139500,2.567e+18,4,36,4,1.6,"2026-05-11 13:25:01.439511"
"Almond.Ramlet R249.Sfax",8,16.6007983296884,241.448074702836,0.100313420570844,25,4153.5,12888.8,139500,2.567e+18,4,36,4,1.6,"2026-05-11 13:25:42.203984"
"Almond.Ramlet R249.Sfax",9,16.1725663578339,248.457367965923,0.100085577826274,25,4153.5,12888.8,139500,2.567e+18,4,36,4,1.6,"2026-05-11 13:26:22.502499"
"Almond.Ramlet R249.Sfax",10,16.1633843981535,248.573350493182,0.10019201869156,25,4153.5,12888.8,139500,2.567e+18,4,36,4,1.6,"2026-05-11 13:27:01.977836"
"Almond.Ramlet R250.Sfax",1,16.1380451902739,249.03459626198,0.100072639892116,25,4153.5,12888.8,139500,2.567e+18,4,36,4,1.6,"2026-05-11 13:20:44.452941"
"Almond.Ramlet R250.Sfax",2,16.1135393898784,249.304975607009,0.100557186637516,25,4153.5,12888.8,139500,2.567e+18,4,36,4,1.6,"2026-05-11 13:21:22.646017"
"Almond.Ramlet R250.Sfax",3,16.1663285498036,248.542765567301,0.100127542083394,25,4153.5,12888.8,139500,2.567e+18,4,36,4,1.6,"2026-05-11 13:22:04.1065"
"Almond.Ramlet R250.Sfax",4,16.1038955553344,249.405834342222,0.100673483772078,25,4153.5,12888.8,139500,2.567e+18,4,36,4,1.6,"2026-05-11 13:22:45.771235"
"Almond.Ramlet R250.Sfax",5,16.0984833641862,249.415873898081,0.100454893682873,25,4153.5,12888.8,139500,2.567e+18,4,36,4,1.6,"2026-05-11 13:23:27.84183"
"Almond.Ramlet R250.Sfax",6,16.1180330791087,249.255717809826,0.100457537096046,25,4153.5,12888.8,139500,2.567e+18,4,36,4,1.6,"2026-05-11 13:24:09.437591"
"Almond.Ramlet R250.Sfax",7,16.1668748392492,248.547408267059,0.100087391391215,25,4153.5,12888.8,139500,2.567e+18,4,36,4,1.6,"2026-05-11 13:24:58.704779"
"Almond.Ramlet R250.Sfax",8,16.1327605353083,249.089560695954,0.100207554833563,25,4153.5,12888.8,139500,2.567e+18,4,36,4,1.6,"2026-05-11 13:25:39.382549"
"Almond.Ramlet R250.Sfax",9,16.1319853485467,249.095904646139,0.100185229173985,25,4153.5,12888.8,139500,2.567e+18,4,36,4,1.6,"2026-05-11 13:26:20.00069"
"Almond.Ramlet R250.Sfax",10,16.1646938072853,248.591389395221,0.10004582137473,25,4153.5,12888.8,139500,2.567e+18,4,36,4,1.6,"2026-05-11 13:26:59.431037"
"Almond.Soukaret.Sfax",1,20.6049750141407,348.999384474209,1.49141193942223,25,4153.5,12888.8,139500,2.567e+18,4,36,4,1.6,"2026-05-11 13:20:48.908099"
"Almond.Soukaret.Sfax",2,20.8759173746539,345.940871424051,1.49975477260588,25,4153.5,12888.8,139500,2.567e+18,4,36,4,1.6,"2026-05-11 13:21:27.821774"
"Almond.Soukaret.Sfax",3,20.6515472885502,348.486576053202,1.49933437250442,25,4153.5,12888.8,139500,2.567e+18,4,36,4,1.6,"2026-05-11 13:22:10.566662"
"Almond.Soukaret.Sfax",4,20.65155964758,348.479883398752,1.49865956572433,25,4153.5,12888.8,139500,2.567e+18,4,36,4,1.6,"2026-05-11 13:22:53.04491"
"Almond.Soukaret.Sfax",5,20.651698222455,348.483484276688,1.49790055585674,25,4153.5,12888.8,139500,2.567e+18,4,36,4,1.6,"2026-05-11 13:23:35.339331"
"Almond.Soukaret.Sfax",6,20.6531137884834,348.467165203955,1.49930902364137,25,4153.5,12888.8,139500,2.567e+18,4,36,4,1.6,"2026-05-11 13:24:22.434157"
"Almond.Soukaret.Sfax",7,20.645931616873,348.542026516,1.49872025564912,25,4153.5,12888.8,139500,2.567e+18,4,36,4,1.6,"2026-05-11 13:25:11.588064"
"Almond.Soukaret.Sfax",8,20.6515781383622,348.485240606028,1.49832922131277,25,4153.5,12888.8,139500,2.567e+18,4,36,4,1.6,"2026-05-11 13:25:52.942377"
"Almond.Soukaret.Sfax",9,20.6503925876063,348.493269958016,1.49954817663777,25,4153.5,12888.8,139500,2.567e+18,4,36,4,1.6,"2026-05-11 13:26:33.999987"
"Almond.Soukaret.Sfax",10,20.6518905169031,348.484124145084,1.4980631006946,25,4153.5,12888.8,139500,2.567e+18,4,36,4,1.6,"2026-05-11 13:27:12.488497"
"Almond.Tarragona.Sfax",1,15.3852069778701,322.582217356985,0.102031270502161,25,4153.5,12888.8,139500,2.567e+18,4,36,4,1.6,"2026-05-11 13:20:52.703032"
"Almond.Tarragona.Sfax",2,15.4449046142932,321.735210829775,0.100965047688104,25,4153.5,12888.8,139500,2.567e+18,4,36,4,1.6,"2026-05-11 13:21:32.282151"
"Almond.Tarragona.Sfax",3,15.753656730617,320.576982479309,0.101374565531537,25,4153.5,12888.8,139500,2.567e+18,4,36,4,1.6,"2026-05-11 13:22:15.030876"
"Almond.Tarragona.Sfax",4,15.4269536765659,321.967926284379,0.10122484243676,25,4153.5,12888.8,139500,2.567e+18,4,36,4,1.6,"2026-05-11 13:22:58.088931"
"Almond.Tarragona.Sfax",5,15.4741224812348,321.336107854543,0.100354941541096,25,4153.5,12888.8,139500,2.567e+18,4,36,4,1.6,"2026-05-11 13:23:40.026436"
"Almond.Tarragona.Sfax",6,15.2747142149786,329.010903571196,0.104180346413025,25,4153.5,12888.8,139500,2.567e+18,4,36,4,1.6,"2026-05-11 13:24:22.434785"
"Almond.Tarragona.Sfax",7,15.7892088367326,320.002501900274,0.100165444583721,25,4153.5,12888.8,139500,2.567e+18,4,36,4,1.6,"2026-05-11 13:25:04.327454"
"Almond.Tarragona.Sfax",8,15.7774001708476,320.205871003963,0.100965009805204,25,4153.5,12888.8,139500,2.567e+18,4,36,4,1.6,"2026-05-11 13:25:46.627274"
"Almond.Tarragona.Sfax",9,15.3808954677966,322.637356773423,0.102124789126936,25,4153.5,12888.8,139500,2.567e+18,4,36,4,1.6,"2026-05-11 13:26:27.355001"
"Almond.Tarragona.Sfax",10,15.7895312784204,319.992472823927,0.100169378415435,25,4153.5,12888.8,139500,2.567e+18,4,36,4,1.6,"2026-05-11 13:27:13.342362"
"Almond.Tozeur 1.Sfax",1,13.0483212386801,213.523150978629,0.103737863062857,25,4153.5,12888.8,139500,2.567e+18,4,36,4,1.6,"2026-05-11 13:20:45.733217"
"Almond.Tozeur 1.Sfax",2,14.1478732573208,205.117846555297,0.102252119304121,25,4153.5,12888.8,139500,2.567e+18,4,36,4,1.6,"2026-05-11 13:21:25.1088"
"Almond.Tozeur 1.Sfax",3,13.9288891216566,205.870825776151,0.100853461112654,25,4153.5,12888.8,139500,2.567e+18,4,36,4,1.6,"2026-05-11 13:22:08.10215"
"Almond.Tozeur 1.Sfax",4,12.8565135721582,214.94842544266,0.101517564174564,25,4153.5,12888.8,139500,2.567e+18,4,36,4,1.6,"2026-05-11 13:22:50.994175"
"Almond.Tozeur 1.Sfax",5,12.8848912579624,214.617973258914,0.100988219127333,25,4153.5,12888.8,139500,2.567e+18,4,36,4,1.6,"2026-05-11 13:23:33.164427"
"Almond.Tozeur 1.Sfax",6,13.2010914222784,212.051384090111,0.100730500548338,25,4153.5,12888.8,139500,2.567e+18,4,36,4,1.6,"2026-05-11 13:24:15.642645"
"Almond.Tozeur 1.Sfax",7,13.8929817272379,206.178933581088,0.101504469189022,25,4153.5,12888.8,139500,2.567e+18,4,36,4,1.6,"2026-05-11 13:24:57.932306"
"Almond.Tozeur 1.Sfax",8,13.2295748570715,211.797845643629,0.100239343105544,25,4153.5,12888.8,139500,2.567e+18,4,36,4,1.6,"2026-05-11 13:25:39.735162"
"Almond.Tozeur 1.Sfax",9,13.157118135237,212.490265247394,0.101412407715375,25,4153.5,12888.8,139500,2.567e+18,4,36,4,1.6,"2026-05-11 13:26:20.243998"
"Almond.Tozeur 1.Sfax",10,13.8535756984114,206.478705524353,0.102528431135438,25,4153.5,12888.8,139500,2.567e+18,4,36,4,1.6,"2026-05-11 13:26:59.78106"
"Almond.Tozeur 2.Sfax",1,11.0465112306592,210.255309893045,0.11659054311944,25,4153.5,12888.8,139500,2.567e+18,4,36,4,1.6,"2026-05-11 13:20:50.263294"
"Almond.Tozeur 2.Sfax",2,11.0145391894038,210.596534890689,0.117251230221236,25,4153.5,12888.8,139500,2.567e+18,4,36,4,1.6,"2026-05-11 13:21:31.834517"
"Almond.Tozeur 2.Sfax",3,11.0416989143915,210.304166443081,0.11671866903146,25,4153.5,12888.8,139500,2.567e+18,4,36,4,1.6,"2026-05-11 13:22:17.602901"
"Almond.Tozeur 2.Sfax",4,10.9648852543378,211.132630351268,0.118770191113899,25,4153.5,12888.8,139500,2.567e+18,4,36,4,1.6,"2026-05-11 13:23:02.080819"
"Almond.Tozeur 2.Sfax",5,11.6275512416298,204.51444045755,0.101913399712621,25,4153.5,12888.8,139500,2.567e+18,4,36,4,1.6,"2026-05-11 13:23:46.234447"
"Almond.Tozeur 2.Sfax",6,11.0346721499801,210.389176247971,0.116961081753951,25,4153.5,12888.8,139500,2.567e+18,4,36,4,1.6,"2026-05-11 13:24:31.104089"
"Almond.Tozeur 2.Sfax",7,11.0215720453378,210.519109456347,0.117042886113987,25,4153.5,12888.8,139500,2.567e+18,4,36,4,1.6,"2026-05-11 13:25:15.62816"
"Almond.Tozeur 2.Sfax",8,10.9732325557399,211.043151377205,0.118512530501681,25,4153.5,12888.8,139500,2.567e+18,4,36,4,1.6,"2026-05-11 13:25:58.858113"
"Almond.Tozeur 2.Sfax",9,10.9722910963707,211.05233804814,0.118542868945257,25,4153.5,12888.8,139500,2.567e+18,4,36,4,1.6,"2026-05-11 13:26:48.59862"
"Almond.Tozeur 2.Sfax",10,10.9709586975355,211.066900895738,0.118563185169468,25,4153.5,12888.8,139500,2.567e+18,4,36,4,1.6,"2026-05-11 13:27:26.836781"
"Almond.Tozeur 4.Sfax",1,13.1524780866172,212.512513985368,0.101410251203583,25,4153.5,12888.8,139500,2.567e+18,4,36,4,1.6,"2026-05-11 13:20:43.18286"
"Almond.Tozeur 4.Sfax",2,13.0386339478812,213.510753657873,0.101346926032781,25,4153.5,12888.8,139500,2.567e+18,4,36,4,1.6,"2026-05-11 13:21:24.736996"
"Almond.Tozeur 4.Sfax",3,13.110482113943,213.057896904711,0.101818561196892,25,4153.5,12888.8,139500,2.567e+18,4,36,4,1.6,"2026-05-11 13:22:05.009706"
"Almond.Tozeur 4.Sfax",4,13.17642096292,212.291805911343,0.100994244670881,25,4153.5,12888.8,139500,2.567e+18,4,36,4,1.6,"2026-05-11 13:22:44.922156"
"Almond.Tozeur 4.Sfax",5,13.1373169053793,212.97271710099,0.100705383348839,25,4153.5,12888.8,139500,2.567e+18,4,36,4,1.6,"2026-05-11 13:23:32.66025"
"Almond.Tozeur 4.Sfax",6,13.0730382227826,213.213992458645,0.100569856567984,25,4153.5,12888.8,139500,2.567e+18,4,36,4,1.6,"2026-05-11 13:24:12.901708"
"Almond.Tozeur 4.Sfax",7,13.0914568027161,213.04295022127,0.10020962376498,25,4153.5,12888.8,139500,2.567e+18,4,36,4,1.6,"2026-05-11 13:24:53.055636"
"Almond.Tozeur 4.Sfax",8,12.9639053574668,214.295010016717,0.103000418079587,25,4153.5,12888.8,139500,2.567e+18,4,36,4,1.6,"2026-05-11 13:25:32.277063"
"Almond.Tozeur 4.Sfax",9,13.9546482306419,206.737892360553,0.107758214687237,25,4153.5,12888.8,139500,2.567e+18,4,36,4,1.6,"2026-05-11 13:26:10.89745"
"Almond.Tozeur 4.Sfax",10,12.9592910454941,214.669462874063,0.104628544399553,25,4153.5,12888.8,139500,2.567e+18,4,36,4,1.6,"2026-05-11 13:26:48.773725"
"Almond.Trell.Sfax",1,20.8296884266671,348.341322976197,1.49147775669378,25,4153.5,12888.8,139500,2.567e+18,4,36,4,1.6,"2026-05-11 13:20:45.002357"
"Almond.Trell.Sfax",2,20.8542603458256,347.995837228436,1.49848730359368,25,4153.5,12888.8,139500,2.567e+18,4,36,4,1.6,"2026-05-11 13:21:28.812816"
"Almond.Trell.Sfax",3,20.8356947005388,348.263640787266,1.48451693182856,25,4153.5,12888.8,139500,2.567e+18,4,36,4,1.6,"2026-05-11 13:22:13.300612"
"Almond.Trell.Sfax",4,20.8558245332986,347.985854666394,1.49868859691157,25,4153.5,12888.8,139500,2.567e+18,4,36,4,1.6,"2026-05-11 13:22:55.971976"
"Almond.Trell.Sfax",5,20.8300186097836,348.304064169481,1.49084786368136,25,4153.5,12888.8,139500,2.567e+18,4,36,4,1.6,"2026-05-11 13:23:38.356351"
"Almond.Trell.Sfax",6,20.8538121285711,348.00360823055,1.49375680455222,25,4153.5,12888.8,139500,2.567e+18,4,36,4,1.6,"2026-05-11 13:24:20.483814"
"Almond.Trell.Sfax",7,20.8286322017317,348.3191327741,1.4927346810733,25,4153.5,12888.8,139500,2.567e+18,4,36,4,1.6,"2026-05-11 13:25:08.150145"
"Almond.Trell.Sfax",8,20.8327784007888,348.309958265884,1.49103272113997,25,4153.5,12888.8,139500,2.567e+18,4,36,4,1.6,"2026-05-11 13:26:00.027674"
"Almond.Trell.Sfax",9,20.8567426983332,347.974097415822,1.49940385682626,25,4153.5,12888.8,139500,2.567e+18,4,36,4,1.6,"2026-05-11 13:26:42.755311"
"Almond.Trell.Sfax",10,20.8574215726762,347.967207094364,1.49860941576779,25,4153.5,12888.8,139500,2.567e+18,4,36,4,1.6,"2026-05-11 13:27:20.267957"
"Almond.Tuono.combined",1,19.4990511833607,359.085580529078,1.49934719809495,25,4153.5,12888.8,139500,2.567e+18,4,36,4,1.6,"2026-05-11 13:23:50.945449"
"Almond.Tuono.combined",2,19.4585373158882,359.492331422564,1.49985132039753,25,4153.5,12888.8,139500,2.567e+18,4,36,4,1.6,"2026-05-11 13:25:48.410262"
"Almond.Tuono.combined",3,19.4959100614975,359.112195316986,1.4994371366759,25,4153.5,12888.8,139500,2.567e+18,4,36,4,1.6,"2026-05-11 13:27:41.78937"
"Almond.Tuono.combined",4,19.5004203987922,359.070445802979,1.49983161529277,25,4153.5,12888.8,139500,2.567e+18,4,36,4,1.6,"2026-05-11 13:29:36.26409"
"Almond.Tuono.combined",5,19.7713593152519,357.559430608185,1.49950694101716,25,4153.5,12888.8,139500,2.567e+18,4,36,4,1.6,"2026-05-11 13:31:29.431911"
"Almond.Tuono.combined",6,19.4996740430359,359.081145762803,1.49937047075413,25,4153.5,12888.8,139500,2.567e+18,4,36,4,1.6,"2026-05-11 14:05:15.747889"
"Almond.Tuono.combined",7,19.7700752264712,357.571762865966,1.49978525536437,25,4153.5,12888.8,139500,2.567e+18,4,36,4,1.6,"2026-05-11 14:07:14.031917"
"Almond.Tuono.combined",8,19.4992133873892,359.080785292065,1.49963361447277,25,4153.5,12888.8,139500,2.567e+18,4,36,4,1.6,"2026-05-11 14:08:59.453962"
"Almond.Tuono.combined",9,19.4973275036603,359.103945401453,1.49826689965434,25,4153.5,12888.8,139500,2.567e+18,4,36,4,1.6,"2026-05-11 14:10:40.957484"
"Almond.Tuono.combined",10,19.4997083248431,359.079677192742,1.49919605259691,25,4153.5,12888.8,139500,2.567e+18,4,36,4,1.6,"2026-05-11 14:12:22.845278"
"Almond.Tuono.Meknes",1,27.824842131728,362.581194517821,1.49142271449738,25,4153.5,12888.8,139500,2.567e+18,4,36,4,1.6,"2026-05-11 13:21:23.817601"
"Almond.Tuono.Meknes",2,27.83559606226,362.476032046738,1.49738156593649,25,4153.5,12888.8,139500,2.567e+18,4,36,4,1.6,"2026-05-11 13:22:43.877977"
"Almond.Tuono.Meknes",3,27.8382408485816,362.467560227421,1.49857236167199,25,4153.5,12888.8,139500,2.567e+18,4,36,4,1.6,"2026-05-11 13:24:04.779519"
"Almond.Tuono.Meknes",4,27.8253744498282,362.574585693628,1.49126107540217,25,4153.5,12888.8,139500,2.567e+18,4,36,4,1.6,"2026-05-11 13:25:25.710905"
"Almond.Tuono.Meknes",5,27.8252709997145,362.575813315264,1.492290183307,25,4153.5,12888.8,139500,2.567e+18,4,36,4,1.6,"2026-05-11 13:26:42.841924"
"Almond.Tuono.Meknes",6,27.8256815975377,362.57181274761,1.49203258336279,25,4153.5,12888.8,139500,2.567e+18,4,36,4,1.6,"2026-05-11 13:27:51.858313"
"Almond.Tuono.Meknes",7,27.824559114371,362.586038887362,1.49185985781922,25,4153.5,12888.8,139500,2.567e+18,4,36,4,1.6,"2026-05-11 13:28:56.035931"
"Almond.Tuono.Meknes",8,27.825594444316,362.572783759389,1.4919206958255,25,4153.5,12888.8,139500,2.567e+18,4,36,4,1.6,"2026-05-11 13:30:12.162321"
"Almond.Tuono.Meknes",9,27.8340494913848,362.513637952723,1.49775277544569,25,4153.5,12888.8,139500,2.567e+18,4,36,4,1.6,"2026-05-11 13:31:15.854795"
"Almond.Tuono.Meknes",10,27.8241407134398,362.577275032653,1.49041480318268,25,4153.5,12888.8,139500,2.567e+18,4,36,4,1.6,"2026-05-11 13:32:21.511748"
"Almond.Tuono Taronto.Sfax",1,11.692119294214,231.809602164773,0.100702538060568,25,4153.5,12888.8,139500,2.567e+18,4,36,4,1.6,"2026-05-11 13:20:44.044305"
"Almond.Tuono Taronto.Sfax",2,11.6563627466735,231.802708107465,0.100040091721789,25,4153.5,12888.8,139500,2.567e+18,4,36,4,1.6,"2026-05-11 13:21:20.664771"
"Almond.Tuono Taronto.Sfax",3,11.6502165218144,232.240032173808,0.10145457319465,25,4153.5,12888.8,139500,2.567e+18,4,36,4,1.6,"2026-05-11 13:22:00.642312"
"Almond.Tuono Taronto.Sfax",4,11.6112843549935,232.669415980053,0.102507408530047,25,4153.5,12888.8,139500,2.567e+18,4,36,4,1.6,"2026-05-11 13:22:40.632095"
"Almond.Tuono Taronto.Sfax",5,11.6208634518901,232.174862208592,0.100932152239464,25,4153.5,12888.8,139500,2.567e+18,4,36,4,1.6,"2026-05-11 13:23:20.895181"
"Almond.Tuono Taronto.Sfax",6,11.684974931332,231.902990441653,0.100974793725148,25,4153.5,12888.8,139500,2.567e+18,4,36,4,1.6,"2026-05-11 13:24:03.555669"
"Almond.Tuono Taronto.Sfax",7,11.7134449750077,231.584455246144,0.100233246184019,25,4153.5,12888.8,139500,2.567e+18,4,36,4,1.6,"2026-05-11 13:24:43.346351"
"Almond.Tuono Taronto.Sfax",8,11.7251649734776,231.472248486167,0.100009481008434,25,4153.5,12888.8,139500,2.567e+18,4,36,4,1.6,"2026-05-11 13:25:23.122064"
"Almond.Tuono Taronto.Sfax",9,11.6666137380145,232.061248552554,0.100998278644662,25,4153.5,12888.8,139500,2.567e+18,4,36,4,1.6,"2026-05-11 13:26:08.078997"
"Almond.Tuono Taronto.Sfax",10,11.6360722614114,232.042768806457,0.100285609785054,25,4153.5,12888.8,139500,2.567e+18,4,36,4,1.6,"2026-05-11 13:26:46.224932"
"Almond.Zahaf.Sfax",1,12.4586514228448,231.643288300075,0.100936242656318,25,4153.5,12888.8,139500,2.567e+18,4,36,4,1.6,"2026-05-11 13:20:47.643785"
"Almond.Zahaf.Sfax",2,12.215299473062,234.108846593703,0.105026841657651,25,4153.5,12888.8,139500,2.567e+18,4,36,4,1.6,"2026-05-11 13:21:29.315761"
"Almond.Zahaf.Sfax",3,12.4836211489656,231.400559363614,0.10042413247441,25,4153.5,12888.8,139500,2.567e+18,4,36,4,1.6,"2026-05-11 13:22:17.262942"
"Almond.Zahaf.Sfax",4,12.4143263505074,231.956304306792,0.100483704694282,25,4153.5,12888.8,139500,2.567e+18,4,36,4,1.6,"2026-05-11 13:23:02.78343"
"Almond.Zahaf.Sfax",5,12.3106741187365,233.022619641118,0.102723000850287,25,4153.5,12888.8,139500,2.567e+18,4,36,4,1.6,"2026-05-11 13:23:48.028271"
"Almond.Zahaf.Sfax",6,12.3129732965094,233.027973007873,0.102757338103764,25,4153.5,12888.8,139500,2.567e+18,4,36,4,1.6,"2026-05-11 13:24:33.007102"
"Almond.Zahaf.Sfax",7,12.3943772999112,232.318016513288,0.102357928536029,25,4153.5,12888.8,139500,2.567e+18,4,36,4,1.6,"2026-05-11 13:25:18.128686"
"Almond.Zahaf.Sfax",8,12.4327075547887,231.93181109874,0.101610900976086,25,4153.5,12888.8,139500,2.567e+18,4,36,4,1.6,"2026-05-11 13:26:02.218141"
"Almond.Zahaf.Sfax",9,12.4817378937089,231.440560942474,0.100586582259421,25,4153.5,12888.8,139500,2.567e+18,4,36,4,1.6,"2026-05-11 13:26:45.716547"
"Almond.Zahaf.Sfax",10,12.4216372306997,232.039879276108,0.101814331678248,25,4153.5,12888.8,139500,2.567e+18,4,36,4,1.6,"2026-05-11 13:27:24.635847"
"Apple.Berlepsch.Klein-Altendorf",1,79.9991308458382,207.461228388413,0.12944568009315,25,4153.5,12888.8,139500,2.567e+18,4,36,4,1.6,"2026-05-11 13:21:28.926729"
"Apple.Berlepsch.Klein-Altendorf",2,79.9952460190679,207.451564678009,0.129307458120407,25,4153.5,12888.8,139500,2.567e+18,4,36,4,1.6,"2026-05-11 13:22:59.232802"
"Apple.Berlepsch.Klein-Altendorf",3,79.9987773643937,207.465691370597,0.129457234482764,25,4153.5,12888.8,139500,2.567e+18,4,36,4,1.6,"2026-05-11 13:24:29.445842"
"Apple.Berlepsch.Klein-Altendorf",4,79.9959109950392,207.461526927037,0.129384956651041,25,4153.5,12888.8,139500,2.567e+18,4,36,4,1.6,"2026-05-11 13:25:58.173445"
"Apple.Berlepsch.Klein-Altendorf",5,79.9999922778525,207.457622552801,0.129344942511133,25,4153.5,12888.8,139500,2.567e+18,4,36,4,1.6,"2026-05-11 13:27:35.935265"
"Apple.Berlepsch.Klein-Altendorf",6,79.9965339520046,207.444450959882,0.129265958261511,25,4153.5,12888.8,139500,2.567e+18,4,36,4,1.6,"2026-05-11 13:28:49.811021"
"Apple.Berlepsch.Klein-Altendorf",7,79.999840285356,207.458257489552,0.129347434664432,25,4153.5,12888.8,139500,2.567e+18,4,36,4,1.6,"2026-05-11 13:30:03.681695"
"Apple.Berlepsch.Klein-Altendorf",8,79.9952737105025,207.461867420026,0.129393041076509,25,4153.5,12888.8,139500,2.567e+18,4,36,4,1.6,"2026-05-11 13:31:19.314773"
"Apple.Berlepsch.Klein-Altendorf",9,79.9967637770273,207.453226309127,0.12935599320576,25,4153.5,12888.8,139500,2.567e+18,4,36,4,1.6,"2026-05-11 13:32:31.473787"
"Apple.Berlepsch.Klein-Altendorf",10,79.997007425374,207.448749961661,0.129335443593975,25,4153.5,12888.8,139500,2.567e+18,4,36,4,1.6,"2026-05-11 14:04:47.045216"
"Apple.Braeburn.Klein-Altendorf",1,79.2606396658495,263.36267944329,1.43114580769843,25,4153.5,12888.8,139500,2.567e+18,4,36,4,1.6,"2026-05-11 13:20:38.185442"
"Apple.Braeburn.Klein-Altendorf",2,79.2680240226037,263.360120294853,1.4507223866755,25,4153.5,12888.8,139500,2.567e+18,4,36,4,1.6,"2026-05-11 13:21:10.165595"
"Apple.Braeburn.Klein-Altendorf",3,79.2594769034098,263.362997340375,1.43235255063041,25,4153.5,12888.8,139500,2.567e+18,4,36,4,1.6,"2026-05-11 13:21:44.171775"
"Apple.Braeburn.Klein-Altendorf",4,79.2662331691221,263.357909359902,1.39961534148085,25,4153.5,12888.8,139500,2.567e+18,4,36,4,1.6,"2026-05-11 13:22:19.82328"
"Apple.Braeburn.Klein-Altendorf",5,79.2667751466905,263.360857041767,1.43052175765373,25,4153.5,12888.8,139500,2.567e+18,4,36,4,1.6,"2026-05-11 13:22:54.896719"
"Apple.Braeburn.Klein-Altendorf",6,79.2634653966742,263.360508915969,1.44031227225741,25,4153.5,12888.8,139500,2.567e+18,4,36,4,1.6,"2026-05-11 13:23:31.859473"
"Apple.Braeburn.Klein-Altendorf",7,79.2631179716959,263.362637872335,1.42972863247892,25,4153.5,12888.8,139500,2.567e+18,4,36,4,1.6,"2026-05-11 13:24:10.256694"
"Apple.Braeburn.Klein-Altendorf",8,79.2636223849802,263.360566725429,1.39619028527553,25,4153.5,12888.8,139500,2.567e+18,4,36,4,1.6,"2026-05-11 13:24:44.999161"
"Apple.Braeburn.Klein-Altendorf",9,79.2653063977025,263.358086013576,1.39235884509788,25,4153.5,12888.8,139500,2.567e+18,4,36,4,1.6,"2026-05-11 13:25:19.587237"
"Apple.Braeburn.Klein-Altendorf",10,79.2663041914001,263.361775791657,1.42658861603735,25,4153.5,12888.8,139500,2.567e+18,4,36,4,1.6,"2026-05-11 13:25:54.171205"
"Apple.Cox Orange.Klein-Altendorf",1,79.7178887332433,231.248663031758,0.153282930738974,25,4153.5,12888.8,139500,2.567e+18,4,36,4,1.6,"2026-05-11 16:08:21.162103"
"Apple.Cox Orange.Klein-Altendorf",2,79.704675462762,231.256874584466,0.153252557540433,25,4153.5,12888.8,139500,2.567e+18,4,36,4,1.6,"2026-05-11 16:10:22.764741"
"Apple.Cox Orange.Klein-Altendorf",3,79.7712834715878,231.185640768041,0.153347309560719,25,4153.5,12888.8,139500,2.567e+18,4,36,4,1.6,"2026-05-11 16:12:31.689054"
"Apple.Cox Orange.Klein-Altendorf",4,79.7166712467515,231.254431316641,0.15331158893029,25,4153.5,12888.8,139500,2.567e+18,4,36,4,1.6,"2026-05-11 16:14:46.614488"
"Apple.Cox Orange.Klein-Altendorf",5,79.7072212604038,231.242745389084,0.153072858715749,25,4153.5,12888.8,139500,2.567e+18,4,36,4,1.6,"2026-05-11 16:16:42.369315"
"Apple.Cox Orange.Klein-Altendorf",6,79.7251944093787,231.253139076239,0.153378817621054,25,4153.5,12888.8,139500,2.567e+18,4,36,4,1.6,"2026-05-11 16:18:44.044937"
"Apple.Cox Orange.Klein-Altendorf",7,79.7036786014957,231.256138706103,0.15323823127446,25,4153.5,12888.8,139500,2.567e+18,4,36,4,1.6,"2026-05-11 16:20:37.340891"
"Apple.Cox Orange.Klein-Altendorf",8,79.7223011675963,231.254869011844,0.153334306244538,25,4153.5,12888.8,139500,2.567e+18,4,36,4,1.6,"2026-05-11 16:22:53.868259"
"Apple.Cox Orange.Klein-Altendorf",9,79.7061476715335,231.25361140433,0.153255390806904,25,4153.5,12888.8,139500,2.567e+18,4,36,4,1.6,"2026-05-11 16:24:47.404744"
"Apple.Cox Orange.Klein-Altendorf",10,79.9007537235117,231.089749761393,0.153690813093228,25,4153.5,12888.8,139500,2.567e+18,4,36,4,1.6,"2026-05-11 17:22:10.727772"
"Apple.Elstar.Klein-Altendorf",1,79.9970735627191,259.775900398746,1.47342217777214,25,4153.5,12888.8,139500,2.567e+18,4,36,4,1.6,"2026-05-11 13:20:34.124077"
"Apple.Elstar.Klein-Altendorf",2,79.9913139294661,259.767661139088,1.45336654420848,25,4153.5,12888.8,139500,2.567e+18,4,36,4,1.6,"2026-05-11 13:21:02.789501"
"Apple.Elstar.Klein-Altendorf",3,79.9988008557875,259.884717175327,1.47231140709016,25,4153.5,12888.8,139500,2.567e+18,4,36,4,1.6,"2026-05-11 13:21:32.440153"
"Apple.Elstar.Klein-Altendorf",4,79.9881585341061,259.777049884743,1.46125021827353,25,4153.5,12888.8,139500,2.567e+18,4,36,4,1.6,"2026-05-11 13:22:06.861856"
"Apple.Elstar.Klein-Altendorf",5,79.9911887332348,259.772076379088,1.41898247297139,25,4153.5,12888.8,139500,2.567e+18,4,36,4,1.6,"2026-05-11 13:22:41.071949"
"Apple.Elstar.Klein-Altendorf",6,79.9826308647984,259.772295018439,1.47902156456615,25,4153.5,12888.8,139500,2.567e+18,4,36,4,1.6,"2026-05-11 13:23:19.200212"
"Apple.Elstar.Klein-Altendorf",7,79.9976910085121,259.772775578415,1.45125949391041,25,4153.5,12888.8,139500,2.567e+18,4,36,4,1.6,"2026-05-11 13:23:53.272911"
"Apple.Elstar.Klein-Altendorf",8,79.9911411271607,259.772410729165,1.45599466076049,25,4153.5,12888.8,139500,2.567e+18,4,36,4,1.6,"2026-05-11 13:24:27.446185"
"Apple.Elstar.Klein-Altendorf",9,79.9880608100604,259.76974514459,1.45470292417656,25,4153.5,12888.8,139500,2.567e+18,4,36,4,1.6,"2026-05-11 13:25:08.999722"
"Apple.Elstar.Klein-Altendorf",10,79.9987783597841,259.77730376472,1.43818376886106,25,4153.5,12888.8,139500,2.567e+18,4,36,4,1.6,"2026-05-11 13:25:43.068988"
"Apple.Golden Delicious.combined",1,59.6022106918481,247.364409747546,0.100000306854124,25,4153.5,12888.8,139500,2.567e+18,4,36,4,1.6,"2026-05-11 16:09:04.617716"
"Apple.Golden Delicious.combined",2,59.5982673032913,247.422126210906,0.100010722784166,25,4153.5,12888.8,139500,2.567e+18,4,36,4,1.6,"2026-05-11 16:12:03.537108"
"Apple.Golden Delicious.combined",3,59.6060421047319,247.427388867778,0.100000649603875,25,4153.5,12888.8,139500,2.567e+18,4,36,4,1.6,"2026-05-11 16:15:00.663321"
"Apple.Golden Delicious.combined",4,59.5990181856196,247.422013768983,0.100003337442699,25,4153.5,12888.8,139500,2.567e+18,4,36,4,1.6,"2026-05-11 16:17:56.231544"
"Apple.Golden Delicious.combined",5,59.5977044272443,247.417364868884,0.100017599192694,25,4153.5,12888.8,139500,2.567e+18,4,36,4,1.6,"2026-05-11 16:20:50.847489"
"Apple.Golden Delicious.combined",6,59.6018986343846,247.364406495731,0.100005112500402,25,4153.5,12888.8,139500,2.567e+18,4,36,4,1.6,"2026-05-11 16:23:44.448591"
"Apple.Golden Delicious.combined",7,59.6051702411433,247.438269414292,0.100008585800999,25,4153.5,12888.8,139500,2.567e+18,4,36,4,1.6,"2026-05-11 17:22:57.039024"
"Apple.Golden Delicious.combined",8,59.5980043805804,247.413320961742,0.100003146382348,25,4153.5,12888.8,139500,2.567e+18,4,36,4,1.6,"2026-05-11 17:25:44.844121"
"Apple.Golden Delicious.combined",9,59.5984043232008,247.421464829871,0.100011759436876,25,4153.5,12888.8,139500,2.567e+18,4,36,4,1.6,"2026-05-11 17:28:30.292327"
"Apple.Golden Delicious.combined",10,59.5976211011644,247.423670875633,0.100018705781587,25,4153.5,12888.8,139500,2.567e+18,4,36,4,1.6,"2026-05-11 17:35:05.22232"
"Apple.Golden Delicious.Klein-Altendorf",1,79.2649206564952,241.643513480727,0.370070063370144,25,4153.5,12888.8,139500,2.567e+18,4,36,4,1.6,"2026-05-11 16:08:30.353746"
"Apple.Golden Delicious.Klein-Altendorf",2,79.2312782394331,241.713710701539,0.353339012493307,25,4153.5,12888.8,139500,2.567e+18,4,36,4,1.6,"2026-05-11 16:11:10.428557"
"Apple.Golden Delicious.Klein-Altendorf",3,79.268038897251,241.643773790315,0.369571449153652,25,4153.5,12888.8,139500,2.567e+18,4,36,4,1.6,"2026-05-11 16:13:15.511895"
"Apple.Golden Delicious.Klein-Altendorf",4,79.271254112183,241.637203853293,0.369631836334126,25,4153.5,12888.8,139500,2.567e+18,4,36,4,1.6,"2026-05-11 16:15:26.354638"
"Apple.Golden Delicious.Klein-Altendorf",5,79.2534955789545,241.663929166533,0.369131395567866,25,4153.5,12888.8,139500,2.567e+18,4,36,4,1.6,"2026-05-11 16:17:29.459709"
"Apple.Golden Delicious.Klein-Altendorf",6,79.2637690923678,241.646812872385,0.369611591555535,25,4153.5,12888.8,139500,2.567e+18,4,36,4,1.6,"2026-05-11 16:19:33.030164"
"Apple.Golden Delicious.Klein-Altendorf",7,79.2612987503249,241.652497359353,0.369927513636546,25,4153.5,12888.8,139500,2.567e+18,4,36,4,1.6,"2026-05-11 16:21:36.239274"
"Apple.Golden Delicious.Klein-Altendorf",8,79.2385128715748,241.653628303241,0.365318910952758,25,4153.5,12888.8,139500,2.567e+18,4,36,4,1.6,"2026-05-11 16:23:44.275745"
"Apple.Golden Delicious.Klein-Altendorf",9,79.255344105327,241.651102370395,0.369064202503351,25,4153.5,12888.8,139500,2.567e+18,4,36,4,1.6,"2026-05-11 16:25:50.594165"
"Apple.Golden Delicious.Klein-Altendorf",10,79.2698787901795,241.637628129146,0.36962834574289,25,4153.5,12888.8,139500,2.567e+18,4,36,4,1.6,"2026-05-11 17:22:01.345324"
"Apple.Golden Delicious.Meknes",1,39.9681444362519,499.933918982879,0.100045497586257,25,4153.5,12888.8,139500,2.567e+18,4,36,4,1.6,"2026-05-11 13:22:33.123466"
"Apple.Golden Delicious.Meknes",2,39.968041094561,499.913177469801,0.100019902015441,25,4153.5,12888.8,139500,2.567e+18,4,36,4,1.6,"2026-05-11 13:23:38.303328"
"Apple.Golden Delicious.Meknes",3,40.0833328200774,498.621678110248,0.100075792048902,25,4153.5,12888.8,139500,2.567e+18,4,36,4,1.6,"2026-05-11 13:24:43.068707"
"Apple.Golden Delicious.Meknes",4,39.9705001116469,499.878408956163,0.100029316166321,25,4153.5,12888.8,139500,2.567e+18,4,36,4,1.6,"2026-05-11 13:25:47.948545"
"Apple.Golden Delicious.Meknes",5,39.9950596375913,499.759488985809,0.100006769919028,25,4153.5,12888.8,139500,2.567e+18,4,36,4,1.6,"2026-05-11 13:26:50.401554"
"Apple.Golden Delicious.Meknes",6,39.9666610244133,499.918937966408,0.100024193043889,25,4153.5,12888.8,139500,2.567e+18,4,36,4,1.6,"2026-05-11 13:27:51.755173"
"Apple.Golden Delicious.Meknes",7,39.9422585892895,499.973560996083,0.1000194897745,25,4153.5,12888.8,139500,2.567e+18,4,36,4,1.6,"2026-05-11 13:28:44.969877"
"Apple.Golden Delicious.Meknes",8,39.9380143661128,499.997337618758,0.100007863362138,25,4153.5,12888.8,139500,2.567e+18,4,36,4,1.6,"2026-05-11 13:29:37.795909"
"Apple.Golden Delicious.Meknes",9,39.9702329008075,499.878830029196,0.10002084113339,25,4153.5,12888.8,139500,2.567e+18,4,36,4,1.6,"2026-05-11 13:30:30.424641"
"Apple.Golden Delicious.Meknes",10,39.940997209045,499.969332941652,0.100000473469423,25,4153.5,12888.8,139500,2.567e+18,4,36,4,1.6,"2026-05-11 13:31:26.558412"
"Apple.James Grieve.Klein-Altendorf",1,79.9880962114535,208.754731131792,0.103466048056842,25,4153.5,12888.8,139500,2.567e+18,4,36,4,1.6,"2026-05-11 16:07:12.424009"
"Apple.James Grieve.Klein-Altendorf",2,79.8639847915138,208.905938972229,0.101622205992678,25,4153.5,12888.8,139500,2.567e+18,4,36,4,1.6,"2026-05-11 16:08:20.307381"
"Apple.James Grieve.Klein-Altendorf",3,79.8345106052798,220.203715125446,0.979257683414667,25,4153.5,12888.8,139500,2.567e+18,4,36,4,1.6,"2026-05-11 16:09:30.610559"
"Apple.James Grieve.Klein-Altendorf",4,79.6782453691272,220.43294824276,1.24417150515366,25,4153.5,12888.8,139500,2.567e+18,4,36,4,1.6,"2026-05-11 16:10:37.541472"
"Apple.James Grieve.Klein-Altendorf",5,79.8345699185798,208.682237719529,0.100503163025491,25,4153.5,12888.8,139500,2.567e+18,4,36,4,1.6,"2026-05-11 16:11:45.431335"
"Apple.James Grieve.Klein-Altendorf",6,79.9735460465017,208.846555568013,0.103616008937855,25,4153.5,12888.8,139500,2.567e+18,4,36,4,1.6,"2026-05-11 16:12:52.858106"
"Apple.James Grieve.Klein-Altendorf",7,79.6772155049741,220.430859058471,1.24902894874555,25,4153.5,12888.8,139500,2.567e+18,4,36,4,1.6,"2026-05-11 16:13:58.320132"
"Apple.James Grieve.Klein-Altendorf",8,79.5927101033748,213.038634894677,0.121207748379838,25,4153.5,12888.8,139500,2.567e+18,4,36,4,1.6,"2026-05-11 16:15:05.025793"
"Apple.James Grieve.Klein-Altendorf",9,79.6763800525462,220.431775035429,1.24887528480837,25,4153.5,12888.8,139500,2.567e+18,4,36,4,1.6,"2026-05-11 16:16:10.31841"
"Apple.James Grieve.Klein-Altendorf",10,79.6786914047033,220.433629831975,1.24131956775249,25,4153.5,12888.8,139500,2.567e+18,4,36,4,1.6,"2026-05-11 16:17:15.749521"
"Apple.Jonagold.Klein-Altendorf",1,79.9942487256581,248.00404583637,1.4961860760241,25,4153.5,12888.8,139500,2.567e+18,4,36,4,1.6,"2026-05-11 13:22:01.844737"
"Apple.Jonagold.Klein-Altendorf",2,79.8996182586725,247.876389448377,1.49225745602584,25,4153.5,12888.8,139500,2.567e+18,4,36,4,1.6,"2026-05-11 13:22:36.65647"
"Apple.Jonagold.Klein-Altendorf",3,79.9206818911239,247.877701444414,1.49961660734247,25,4153.5,12888.8,139500,2.567e+18,4,36,4,1.6,"2026-05-11 13:23:10.859199"
"Apple.Jonagold.Klein-Altendorf",4,79.9008343008589,247.881424694976,1.47776434366642,25,4153.5,12888.8,139500,2.567e+18,4,36,4,1.6,"2026-05-11 13:23:45.106562"
"Apple.Jonagold.Klein-Altendorf",5,79.9058432568138,247.879839321019,1.48932555434803,25,4153.5,12888.8,139500,2.567e+18,4,36,4,1.6,"2026-05-11 13:24:19.170516"
"Apple.Jonagold.Klein-Altendorf",6,79.9098545538837,247.878766770702,1.48516106070605,25,4153.5,12888.8,139500,2.567e+18,4,36,4,1.6,"2026-05-11 13:24:56.980191"
"Apple.Jonagold.Klein-Altendorf",7,79.9255565592278,247.872160582769,1.49864746569382,25,4153.5,12888.8,139500,2.567e+18,4,36,4,1.6,"2026-05-11 13:25:30.816492"
"Apple.Jonagold.Klein-Altendorf",8,79.9117228510999,247.894957467555,1.49596705799692,25,4153.5,12888.8,139500,2.567e+18,4,36,4,1.6,"2026-05-11 13:26:04.481612"
"Apple.Jonagold.Klein-Altendorf",9,79.9015898539631,247.884786077838,1.48010219753673,25,4153.5,12888.8,139500,2.567e+18,4,36,4,1.6,"2026-05-11 13:26:44.677702"
"Apple.Jonagold.Klein-Altendorf",10,79.907608634797,247.877980613257,1.46329000958137,25,4153.5,12888.8,139500,2.567e+18,4,36,4,1.6,"2026-05-11 13:27:15.653016"
"Apple.Roter Boskoop.Klein-Altendorf",1,79.9926565208008,203.63300763717,0.113024084525845,25,4153.5,12888.8,139500,2.567e+18,4,36,4,1.6,"2026-05-11 16:08:15.371511"
"Apple.Roter Boskoop.Klein-Altendorf",2,79.9948860841197,203.626654525633,0.112947990596681,25,4153.5,12888.8,139500,2.567e+18,4,36,4,1.6,"2026-05-11 16:10:39.242638"
"Apple.Roter Boskoop.Klein-Altendorf",3,79.9950762473058,203.595789355929,0.112743943100767,25,4153.5,12888.8,139500,2.567e+18,4,36,4,1.6,"2026-05-11 16:12:35.071634"
"Apple.Roter Boskoop.Klein-Altendorf",4,79.9955018760523,203.565538355046,0.112383175464801,25,4153.5,12888.8,139500,2.567e+18,4,36,4,1.6,"2026-05-11 16:14:33.027108"
"Apple.Roter Boskoop.Klein-Altendorf",5,79.9965107503799,203.564958595351,0.112385243288237,25,4153.5,12888.8,139500,2.567e+18,4,36,4,1.6,"2026-05-11 16:16:27.48658"
"Apple.Roter Boskoop.Klein-Altendorf",6,79.9904829816502,207.413997352161,0.131466207025697,25,4153.5,12888.8,139500,2.567e+18,4,36,4,1.6,"2026-05-11 16:18:21.344536"
"Apple.Roter Boskoop.Klein-Altendorf",7,79.9975310357952,207.404183999702,0.131462214770762,25,4153.5,12888.8,139500,2.567e+18,4,36,4,1.6,"2026-05-11 16:20:14.464331"
"Apple.Roter Boskoop.Klein-Altendorf",8,79.9690818318939,204.085785193606,0.11652042343623,25,4153.5,12888.8,139500,2.567e+18,4,36,4,1.6,"2026-05-11 16:22:10.766181"
"Apple.Roter Boskoop.Klein-Altendorf",9,79.9451003350211,204.192053607207,0.116806994668545,25,4153.5,12888.8,139500,2.567e+18,4,36,4,1.6,"2026-05-11 16:24:06.350471"
"Apple.Roter Boskoop.Klein-Altendorf",10,79.9963836025948,203.646766270916,0.113125184303909,25,4153.5,12888.8,139500,2.567e+18,4,36,4,1.6,"2026-05-11 16:25:57.995534"
"Apple.Topaz.Klein-Altendorf",1,44.1569997760617,301.38177492967,1.47173209241213,25,4153.5,12888.8,139500,2.567e+18,4,36,4,1.6,"2026-05-11 13:22:00.92092"
"Apple.Topaz.Klein-Altendorf",2,43.7366448491688,302.404405586886,1.46496171590401,25,4153.5,12888.8,139500,2.567e+18,4,36,4,1.6,"2026-05-11 13:22:29.790675"
"Apple.Topaz.Klein-Altendorf",3,44.1611982295874,301.374100298218,1.48942059436401,25,4153.5,12888.8,139500,2.567e+18,4,36,4,1.6,"2026-05-11 13:22:58.721137"
"Apple.Topaz.Klein-Altendorf",4,44.16573306846,301.409659699692,1.49988610391258,25,4153.5,12888.8,139500,2.567e+18,4,36,4,1.6,"2026-05-11 13:23:27.552727"
"Apple.Topaz.Klein-Altendorf",5,43.4177916929497,301.874048710193,1.49754537476943,25,4153.5,12888.8,139500,2.567e+18,4,36,4,1.6,"2026-05-11 13:23:56.072555"
"Apple.Topaz.Klein-Altendorf",6,43.4080766618206,301.882032904408,1.49769896235971,25,4153.5,12888.8,139500,2.567e+18,4,36,4,1.6,"2026-05-11 13:24:24.745931"
"Apple.Topaz.Klein-Altendorf",7,43.600970663586,302.443383764163,1.49186640751451,25,4153.5,12888.8,139500,2.567e+18,4,36,4,1.6,"2026-05-11 13:24:52.803542"
"Apple.Topaz.Klein-Altendorf",8,43.7802636604048,302.315841738583,1.49595171003576,25,4153.5,12888.8,139500,2.567e+18,4,36,4,1.6,"2026-05-11 13:25:21.203384"
"Apple.Topaz.Klein-Altendorf",9,44.1511573919743,301.394733839342,1.45856251349068,25,4153.5,12888.8,139500,2.567e+18,4,36,4,1.6,"2026-05-11 13:25:49.592455"
"Apple.Topaz.Klein-Altendorf",10,44.1545229026959,301.391099361668,1.47859939333062,25,4153.5,12888.8,139500,2.567e+18,4,36,4,1.6,"2026-05-11 13:26:17.493021"
"Apricot.Bulida.Cieza",1,45.4822631022521,232.557155291509,0.131828162916247,25,4153.5,12888.8,139500,2.567e+18,4,36,4,1.6,"2026-05-11 13:22:05.502699"
"Apricot.Bulida.Cieza",2,47.3424849261618,215.264397766883,0.104922765746007,25,4153.5,12888.8,139500,2.567e+18,4,36,4,1.6,"2026-05-11 13:22:45.756038"
"Apricot.Bulida.Cieza",3,47.3182479969664,215.463765988434,0.105192344651438,25,4153.5,12888.8,139500,2.567e+18,4,36,4,1.6,"2026-05-11 13:23:23.068802"
"Apricot.Bulida.Cieza",4,47.3954221264038,214.651447724839,0.103601677970589,25,4153.5,12888.8,139500,2.567e+18,4,36,4,1.6,"2026-05-11 13:24:07.256438"
"Apricot.Bulida.Cieza",5,47.4603193542602,213.988154576352,0.102261693239176,25,4153.5,12888.8,139500,2.567e+18,4,36,4,1.6,"2026-05-11 13:24:44.391602"
"Apricot.Bulida.Cieza",6,47.1347856933652,216.704393491407,0.105321650995014,25,4153.5,12888.8,139500,2.567e+18,4,36,4,1.6,"2026-05-11 13:25:21.282237"
"Apricot.Bulida.Cieza",7,45.3828144744255,234.014938061598,0.136423341140592,25,4153.5,12888.8,139500,2.567e+18,4,36,4,1.6,"2026-05-11 13:25:57.801012"
"Apricot.Bulida.Cieza",8,45.3675897877274,234.344586115881,0.137293979966273,25,4153.5,12888.8,139500,2.567e+18,4,36,4,1.6,"2026-05-11 13:26:36.140413"
"Apricot.Bulida.Cieza",9,47.3358263174263,215.325188686544,0.105042820528993,25,4153.5,12888.8,139500,2.567e+18,4,36,4,1.6,"2026-05-11 13:27:10.385388"
"Apricot.Bulida.Cieza",10,47.3298442578613,215.371257065438,0.105090905756246,25,4153.5,12888.8,139500,2.567e+18,4,36,4,1.6,"2026-05-11 13:27:42.24248"
"Apricot.Canino.combined",1,61.8629526952087,132.389516120963,1.49812956206021,25,4153.5,12888.8,139500,2.567e+18,4,36,4,1.6,"2026-05-11 14:03:57.349373"
"Apricot.Canino.combined",2,61.908831983994,132.307432376211,1.49936174801784,25,4153.5,12888.8,139500,2.567e+18,4,36,4,1.6,"2026-05-11 14:04:29.092265"
"Apricot.Canino.combined",3,61.8560536491339,132.40411352367,1.4949556417639,25,4153.5,12888.8,139500,2.567e+18,4,36,4,1.6,"2026-05-11 14:04:58.568637"
"Apricot.Canino.combined",4,61.8561479278045,132.244897394705,1.49964916525941,25,4153.5,12888.8,139500,2.567e+18,4,36,4,1.6,"2026-05-11 14:05:26.852896"
"Apricot.Canino.combined",5,61.8575533274161,132.396554531681,1.49444012372191,25,4153.5,12888.8,139500,2.567e+18,4,36,4,1.6,"2026-05-11 14:05:55.899311"
"Apricot.Canino.combined",6,61.8491811725924,132.411537337885,1.49054276562341,25,4153.5,12888.8,139500,2.567e+18,4,36,4,1.6,"2026-05-11 14:06:25.924846"
"Apricot.Canino.combined",7,61.8537124779992,132.390316588617,1.4777844596367,25,4153.5,12888.8,139500,2.567e+18,4,36,4,1.6,"2026-05-11 14:06:54.662713"
"Apricot.Canino.combined",8,62.5111784298235,131.335015219886,1.49209011936588,25,4153.5,12888.8,139500,2.567e+18,4,36,4,1.6,"2026-05-11 14:07:23.695542"
"Apricot.Canino.combined",9,61.8557913699293,132.400893214522,1.49194334052307,25,4153.5,12888.8,139500,2.567e+18,4,36,4,1.6,"2026-05-11 14:07:52.380314"
"Apricot.Canino.combined",10,61.8523708620691,132.411087463004,1.49416839249755,25,4153.5,12888.8,139500,2.567e+18,4,36,4,1.6,"2026-05-11 14:08:20.72853"
"Apricot.Canino.Zaragoza",1,61.8629526952087,132.389516120963,1.49812956206021,25,4153.5,12888.8,139500,2.567e+18,4,36,4,1.6,"2026-05-11 13:21:59.399267"
"Apricot.Canino.Zaragoza",2,61.908831983994,132.307432376211,1.49936174801784,25,4153.5,12888.8,139500,2.567e+18,4,36,4,1.6,"2026-05-11 13:22:33.180906"
"Apricot.Canino.Zaragoza",3,61.8560536491339,132.40411352367,1.4949556417639,25,4153.5,12888.8,139500,2.567e+18,4,36,4,1.6,"2026-05-11 13:23:04.530936"
"Apricot.Canino.Zaragoza",4,61.8561479278045,132.244897394705,1.49964916525941,25,4153.5,12888.8,139500,2.567e+18,4,36,4,1.6,"2026-05-11 13:23:34.588352"
"Apricot.Canino.Zaragoza",5,61.8575533274161,132.396554531681,1.49444012372191,25,4153.5,12888.8,139500,2.567e+18,4,36,4,1.6,"2026-05-11 13:24:05.482677"
"Apricot.Canino.Zaragoza",6,61.8491811725924,132.411537337885,1.49054276562341,25,4153.5,12888.8,139500,2.567e+18,4,36,4,1.6,"2026-05-11 13:24:37.60404"
"Apricot.Canino.Zaragoza",7,61.8537124779992,132.390316588617,1.4777844596367,25,4153.5,12888.8,139500,2.567e+18,4,36,4,1.6,"2026-05-11 13:25:08.414726"
"Apricot.Canino.Zaragoza",8,62.5111784298235,131.335015219886,1.49209011936588,25,4153.5,12888.8,139500,2.567e+18,4,36,4,1.6,"2026-05-11 13:25:39.416924"
"Apricot.Canino.Zaragoza",9,61.8557913699293,132.400893214522,1.49194334052307,25,4153.5,12888.8,139500,2.567e+18,4,36,4,1.6,"2026-05-11 13:26:09.982137"
"Apricot.Canino.Zaragoza",10,61.8523708620691,132.411087463004,1.49416839249755,25,4153.5,12888.8,139500,2.567e+18,4,36,4,1.6,"2026-05-11 13:26:39.717906"
"Apricot.Dorada.Cieza",1,50.6074584532659,274.632202111286,0.101871115125254,25,4153.5,12888.8,139500,2.567e+18,4,36,4,1.6,"2026-05-11 13:22:05.816861"
"Apricot.Dorada.Cieza",2,50.6989335288697,273.727203020188,0.100151784174176,25,4153.5,12888.8,139500,2.567e+18,4,36,4,1.6,"2026-05-11 13:22:41.510417"
"Apricot.Dorada.Cieza",3,50.7207492390737,273.676636852373,0.100299620982592,25,4153.5,12888.8,139500,2.567e+18,4,36,4,1.6,"2026-05-11 13:23:18.025714"
"Apricot.Dorada.Cieza",4,50.6907808639084,273.869493669353,0.100400671825034,25,4153.5,12888.8,139500,2.567e+18,4,36,4,1.6,"2026-05-11 13:23:58.68222"
"Apricot.Dorada.Cieza",5,50.6812132526386,273.419958371803,0.100040257550198,25,4153.5,12888.8,139500,2.567e+18,4,36,4,1.6,"2026-05-11 13:24:34.815429"
"Apricot.Dorada.Cieza",6,50.7044051258406,273.698034083392,0.100158826035341,25,4153.5,12888.8,139500,2.567e+18,4,36,4,1.6,"2026-05-11 13:25:10.192657"
"Apricot.Dorada.Cieza",7,50.7072344805363,273.635673691468,0.100066695990378,25,4153.5,12888.8,139500,2.567e+18,4,36,4,1.6,"2026-05-11 13:25:45.536518"
"Apricot.Dorada.Cieza",8,50.5593541430906,274.443102843467,0.100155299313824,25,4153.5,12888.8,139500,2.567e+18,4,36,4,1.6,"2026-05-11 13:26:20.24017"
"Apricot.Dorada.Cieza",9,50.720336022244,273.677965435519,0.100290829181213,25,4153.5,12888.8,139500,2.567e+18,4,36,4,1.6,"2026-05-11 13:26:54.146406"
"Apricot.Dorada.Cieza",10,50.7081898943075,273.668609538292,0.100125859981377,25,4153.5,12888.8,139500,2.567e+18,4,36,4,1.6,"2026-05-11 13:27:25.484801"
"Apricot.Goldrich.combined",1,67.4643207884265,132.016810473694,1.48597916039077,25,4153.5,12888.8,139500,2.567e+18,4,36,4,1.6,"2026-05-11 14:04:04.03445"
"Apricot.Goldrich.combined",2,69.0931524747326,107.570725619415,0.126933553199719,25,4153.5,12888.8,139500,2.567e+18,4,36,4,1.6,"2026-05-11 14:04:42.253606"
"Apricot.Goldrich.combined",3,67.4570708781343,132.029659618978,1.49223237869831,25,4153.5,12888.8,139500,2.567e+18,4,36,4,1.6,"2026-05-11 14:05:17.747482"
"Apricot.Goldrich.combined",4,67.4556432058701,132.029744107192,1.49595616285744,25,4153.5,12888.8,139500,2.567e+18,4,36,4,1.6,"2026-05-11 14:05:53.409545"
"Apricot.Goldrich.combined",5,67.274027155043,116.671304026108,0.142623350953791,25,4153.5,12888.8,139500,2.567e+18,4,36,4,1.6,"2026-05-11 14:06:36.272443"
"Apricot.Goldrich.combined",6,67.457475376919,132.028819004013,1.49084051894783,25,4153.5,12888.8,139500,2.567e+18,4,36,4,1.6,"2026-05-11 14:07:11.153209"
"Apricot.Goldrich.combined",7,67.456062839874,132.027925950456,1.49838797360015,25,4153.5,12888.8,139500,2.567e+18,4,36,4,1.6,"2026-05-11 14:07:55.336903"
"Apricot.Goldrich.combined",8,68.7636894965879,109.390675357631,0.132655675305145,25,4153.5,12888.8,139500,2.567e+18,4,36,4,1.6,"2026-05-11 14:08:30.630493"
"Apricot.Goldrich.combined",9,69.1771837940699,107.167954700764,0.125823872497667,25,4153.5,12888.8,139500,2.567e+18,4,36,4,1.6,"2026-05-11 14:09:05.11016"
"Apricot.Goldrich.combined",10,67.4561959794789,132.028797730152,1.49669844557522,25,4153.5,12888.8,139500,2.567e+18,4,36,4,1.6,"2026-05-11 14:09:39.677525"
"Apricot.Goldrich.Zaragoza",1,67.4643207884265,132.016810473694,1.48597916039077,25,4153.5,12888.8,139500,2.567e+18,4,36,4,1.6,"2026-05-11 13:22:06.949098"
"Apricot.Goldrich.Zaragoza",2,69.0931524747326,107.570725619415,0.126933553199719,25,4153.5,12888.8,139500,2.567e+18,4,36,4,1.6,"2026-05-11 13:22:49.210061"
"Apricot.Goldrich.Zaragoza",3,67.4570708781343,132.029659618978,1.49223237869831,25,4153.5,12888.8,139500,2.567e+18,4,36,4,1.6,"2026-05-11 13:23:28.367173"
"Apricot.Goldrich.Zaragoza",4,67.4556432058701,132.029744107192,1.49595616285744,25,4153.5,12888.8,139500,2.567e+18,4,36,4,1.6,"2026-05-11 13:24:07.579782"
"Apricot.Goldrich.Zaragoza",5,67.274027155043,116.671304026108,0.142623350953791,25,4153.5,12888.8,139500,2.567e+18,4,36,4,1.6,"2026-05-11 13:24:55.04433"
"Apricot.Goldrich.Zaragoza",6,67.457475376919,132.028819004013,1.49084051894783,25,4153.5,12888.8,139500,2.567e+18,4,36,4,1.6,"2026-05-11 13:25:33.694074"
"Apricot.Goldrich.Zaragoza",7,67.456062839874,132.027925950456,1.49838797360015,25,4153.5,12888.8,139500,2.567e+18,4,36,4,1.6,"2026-05-11 13:26:10.757048"
"Apricot.Goldrich.Zaragoza",8,68.7636894965879,109.390675357631,0.132655675305145,25,4153.5,12888.8,139500,2.567e+18,4,36,4,1.6,"2026-05-11 13:26:48.30799"
"Apricot.Goldrich.Zaragoza",9,69.1771837940699,107.167954700764,0.125823872497667,25,4153.5,12888.8,139500,2.567e+18,4,36,4,1.6,"2026-05-11 13:27:23.342163"
"Apricot.Goldrich.Zaragoza",10,67.4561959794789,132.028797730152,1.49669844557522,25,4153.5,12888.8,139500,2.567e+18,4,36,4,1.6,"2026-05-11 13:27:56.068509"
"Apricot.Harcot.Zaragoza",1,51.9353658637864,176.745571698184,0.130134537184968,25,4153.5,12888.8,139500,2.567e+18,4,36,4,1.6,"2026-05-11 13:22:10.883686"
"Apricot.Harcot.Zaragoza",2,47.0454338401574,204.65999328274,0.267032393019455,25,4153.5,12888.8,139500,2.567e+18,4,36,4,1.6,"2026-05-11 13:22:53.308353"
"Apricot.Harcot.Zaragoza",3,51.9356290717196,176.632874571176,0.129566203649638,25,4153.5,12888.8,139500,2.567e+18,4,36,4,1.6,"2026-05-11 13:23:35.602773"
"Apricot.Harcot.Zaragoza",4,46.9944302181305,204.91570491095,0.268683967444061,25,4153.5,12888.8,139500,2.567e+18,4,36,4,1.6,"2026-05-11 13:24:17.803838"
"Apricot.Harcot.Zaragoza",5,51.960937988931,176.477057592007,0.129270186693605,25,4153.5,12888.8,139500,2.567e+18,4,36,4,1.6,"2026-05-11 13:25:00.046485"
"Apricot.Harcot.Zaragoza",6,51.505906051346,180.799418591404,0.147427000212166,25,4153.5,12888.8,139500,2.567e+18,4,36,4,1.6,"2026-05-11 13:25:50.666277"
"Apricot.Harcot.Zaragoza",7,46.2871327027091,205.738447929628,0.23898016631897,25,4153.5,12888.8,139500,2.567e+18,4,36,4,1.6,"2026-05-11 13:26:31.448623"
"Apricot.Harcot.Zaragoza",8,51.5410236359627,180.484072233035,0.146021014894256,25,4153.5,12888.8,139500,2.567e+18,4,36,4,1.6,"2026-05-11 13:27:10.178818"
"Apricot.Harcot.Zaragoza",9,51.5021305094447,180.253393701836,0.14258853073535,25,4153.5,12888.8,139500,2.567e+18,4,36,4,1.6,"2026-05-11 13:27:46.235369"
"Apricot.Harcot.Zaragoza",10,51.525264472638,179.486951056333,0.138703247335981,25,4153.5,12888.8,139500,2.567e+18,4,36,4,1.6,"2026-05-11 13:28:21.305732"
"Apricot.Henderson.Zaragoza",1,66.4821583811239,192.884134902797,0.626105659713197,25,4153.5,12888.8,139500,2.567e+18,4,36,4,1.6,"2026-05-11 13:22:09.467889"
"Apricot.Henderson.Zaragoza",2,66.4696590843218,192.894232124052,0.619565003796751,25,4153.5,12888.8,139500,2.567e+18,4,36,4,1.6,"2026-05-11 13:22:53.906511"
"Apricot.Henderson.Zaragoza",3,66.4962456906919,192.875744890972,0.633314293109719,25,4153.5,12888.8,139500,2.567e+18,4,36,4,1.6,"2026-05-11 13:23:35.476766"
"Apricot.Henderson.Zaragoza",4,66.3779678742668,193.999074661037,0.745742053649851,25,4153.5,12888.8,139500,2.567e+18,4,36,4,1.6,"2026-05-11 13:24:17.137677"
"Apricot.Henderson.Zaragoza",5,66.4454532441347,193.681140339013,0.765466357612774,25,4153.5,12888.8,139500,2.567e+18,4,36,4,1.6,"2026-05-11 13:25:06.880127"
"Apricot.Henderson.Zaragoza",6,66.3949643839591,193.897253220714,0.742261430711524,25,4153.5,12888.8,139500,2.567e+18,4,36,4,1.6,"2026-05-11 13:25:47.479799"
"Apricot.Henderson.Zaragoza",7,66.3571464788152,194.119949341274,0.790755222550094,25,4153.5,12888.8,139500,2.567e+18,4,36,4,1.6,"2026-05-11 13:26:35.114958"
"Apricot.Henderson.Zaragoza",8,66.3836450761377,193.189437038245,0.587852853399358,25,4153.5,12888.8,139500,2.567e+18,4,36,4,1.6,"2026-05-11 13:27:13.813416"
"Apricot.Henderson.Zaragoza",9,66.3868059879273,193.96703326793,0.752334251787045,25,4153.5,12888.8,139500,2.567e+18,4,36,4,1.6,"2026-05-11 13:27:50.530361"
"Apricot.Henderson.Zaragoza",10,66.3904298174339,193.502487165618,0.665246314204787,25,4153.5,12888.8,139500,2.567e+18,4,36,4,1.6,"2026-05-11 13:28:26.963286"
"Apricot.Mitger.Zaragoza",1,55.8807925880892,186.038874434938,1.49616958177259,25,4153.5,12888.8,139500,2.567e+18,4,36,4,1.6,"2026-05-11 13:22:08.435527"
"Apricot.Mitger.Zaragoza",2,55.8966937876573,185.961137032307,1.49801075862063,25,4153.5,12888.8,139500,2.567e+18,4,36,4,1.6,"2026-05-11 13:22:51.911983"
"Apricot.Mitger.Zaragoza",3,55.8857639834773,186.001880644262,1.48949023237932,25,4153.5,12888.8,139500,2.567e+18,4,36,4,1.6,"2026-05-11 13:23:32.512393"
"Apricot.Mitger.Zaragoza",4,55.868261764513,186.065097752107,1.48625813373519,25,4153.5,12888.8,139500,2.567e+18,4,36,4,1.6,"2026-05-11 13:24:13.27889"
"Apricot.Mitger.Zaragoza",5,55.8760918856447,186.06641202064,1.49735190111607,25,4153.5,12888.8,139500,2.567e+18,4,36,4,1.6,"2026-05-11 13:25:02.122444"
"Apricot.Mitger.Zaragoza",6,55.8876032096546,186.010779656762,1.49997676026666,25,4153.5,12888.8,139500,2.567e+18,4,36,4,1.6,"2026-05-11 13:25:41.903239"
"Apricot.Mitger.Zaragoza",7,55.8722821404834,186.059664245643,1.49682399299173,25,4153.5,12888.8,139500,2.567e+18,4,36,4,1.6,"2026-05-11 13:26:28.659657"
"Apricot.Mitger.Zaragoza",8,55.8873303480562,186.002927583085,1.49838130341115,25,4153.5,12888.8,139500,2.567e+18,4,36,4,1.6,"2026-05-11 13:27:06.959667"
"Apricot.Mitger.Zaragoza",9,55.8803201135942,186.017866656072,1.49329495735673,25,4153.5,12888.8,139500,2.567e+18,4,36,4,1.6,"2026-05-11 13:27:43.070435"
"Apricot.Mitger.Zaragoza",10,55.8956160666481,185.986564951154,1.49723188750749,25,4153.5,12888.8,139500,2.567e+18,4,36,4,1.6,"2026-05-11 13:28:18.811708"
"Apricot.Pandora.Zaragoza",1,52.7786720675672,176.577498209422,1.4851604432153,25,4153.5,12888.8,139500,2.567e+18,4,36,4,1.6,"2026-05-11 13:22:11.347682"
"Apricot.Pandora.Zaragoza",2,51.7057464752375,178.348005521312,1.49740959403627,25,4153.5,12888.8,139500,2.567e+18,4,36,4,1.6,"2026-05-11 13:22:54.112025"
"Apricot.Pandora.Zaragoza",3,51.6997059156595,178.373703502553,1.49864508456672,25,4153.5,12888.8,139500,2.567e+18,4,36,4,1.6,"2026-05-11 13:23:36.666088"
"Apricot.Pandora.Zaragoza",4,51.8703052251847,177.803037857279,1.48091797539956,25,4153.5,12888.8,139500,2.567e+18,4,36,4,1.6,"2026-05-11 13:24:19.229338"
"Apricot.Pandora.Zaragoza",5,51.701862355813,178.357865428104,1.49787947433123,25,4153.5,12888.8,139500,2.567e+18,4,36,4,1.6,"2026-05-11 13:25:01.628304"
"Apricot.Pandora.Zaragoza",6,51.7038072218343,178.349735367607,1.49875251337652,25,4153.5,12888.8,139500,2.567e+18,4,36,4,1.6,"2026-05-11 13:25:52.444026"
"Apricot.Pandora.Zaragoza",7,51.8942494201141,177.808589715649,1.49984050835647,25,4153.5,12888.8,139500,2.567e+18,4,36,4,1.6,"2026-05-11 13:26:33.629577"
"Apricot.Pandora.Zaragoza",8,51.7083706409149,178.339555755575,1.49838086499949,25,4153.5,12888.8,139500,2.567e+18,4,36,4,1.6,"2026-05-11 13:27:13.334647"
"Apricot.Pandora.Zaragoza",9,52.7856506367174,176.560806267223,1.49121208065064,25,4153.5,12888.8,139500,2.567e+18,4,36,4,1.6,"2026-05-11 13:27:51.227246"
"Apricot.Pandora.Zaragoza",10,52.6384692446064,176.912909463887,1.48324013283957,25,4153.5,12888.8,139500,2.567e+18,4,36,4,1.6,"2026-05-11 13:28:28.43377"
"Apricot.Pepito del Rubio.combined",1,58.8748188514844,167.499222816856,1.34589923715489,25,4153.5,12888.8,139500,2.567e+18,4,36,4,1.6,"2026-05-11 14:03:59.561376"
"Apricot.Pepito del Rubio.combined",2,58.8706415302319,167.516902814577,1.40786689947262,25,4153.5,12888.8,139500,2.567e+18,4,36,4,1.6,"2026-05-11 14:04:30.697921"
"Apricot.Pepito del Rubio.combined",3,58.8312661330928,167.655489095274,1.34136329051812,25,4153.5,12888.8,139500,2.567e+18,4,36,4,1.6,"2026-05-11 14:05:01.392157"
"Apricot.Pepito del Rubio.combined",4,51.2127583268122,188.032625687657,0.171632358427452,25,4153.5,12888.8,139500,2.567e+18,4,36,4,1.6,"2026-05-11 14:05:32.676813"
"Apricot.Pepito del Rubio.combined",5,58.8563549065455,167.464168593773,1.27654647689013,25,4153.5,12888.8,139500,2.567e+18,4,36,4,1.6,"2026-05-11 14:06:02.909307"
"Apricot.Pepito del Rubio.combined",6,58.8019675577255,167.591914087573,1.4248193381524,25,4153.5,12888.8,139500,2.567e+18,4,36,4,1.6,"2026-05-11 14:06:37.491596"
"Apricot.Pepito del Rubio.combined",7,58.8662306624829,167.529241905641,1.39429886816991,25,4153.5,12888.8,139500,2.567e+18,4,36,4,1.6,"2026-05-11 14:07:11.602062"
"Apricot.Pepito del Rubio.combined",8,58.8565182128749,167.580325293731,1.40006283752077,25,4153.5,12888.8,139500,2.567e+18,4,36,4,1.6,"2026-05-11 14:07:43.942104"
"Apricot.Pepito del Rubio.combined",9,51.4733358276208,186.279234459226,0.164164910926176,25,4153.5,12888.8,139500,2.567e+18,4,36,4,1.6,"2026-05-11 14:08:15.53636"
"Apricot.Pepito del Rubio.combined",10,51.2612684943345,187.237365427018,0.165547677162059,25,4153.5,12888.8,139500,2.567e+18,4,36,4,1.6,"2026-05-11 14:08:45.817972"
"Apricot.Pepito del Rubio.Zaragoza",1,58.8748188514844,167.499222816856,1.34589923715489,25,4153.5,12888.8,139500,2.567e+18,4,36,4,1.6,"2026-05-11 13:22:03.551289"
"Apricot.Pepito del Rubio.Zaragoza",2,58.8706415302319,167.516902814577,1.40786689947262,25,4153.5,12888.8,139500,2.567e+18,4,36,4,1.6,"2026-05-11 13:22:38.709046"
"Apricot.Pepito del Rubio.Zaragoza",3,58.8312661330928,167.655489095274,1.34136329051812,25,4153.5,12888.8,139500,2.567e+18,4,36,4,1.6,"2026-05-11 13:23:13.729321"
"Apricot.Pepito del Rubio.Zaragoza",4,51.2127583268122,188.032625687657,0.171632358427452,25,4153.5,12888.8,139500,2.567e+18,4,36,4,1.6,"2026-05-11 13:23:49.488922"
"Apricot.Pepito del Rubio.Zaragoza",5,58.8563549065455,167.464168593773,1.27654647689013,25,4153.5,12888.8,139500,2.567e+18,4,36,4,1.6,"2026-05-11 13:24:32.135403"
"Apricot.Pepito del Rubio.Zaragoza",6,58.8019675577255,167.591914087573,1.4248193381524,25,4153.5,12888.8,139500,2.567e+18,4,36,4,1.6,"2026-05-11 13:25:11.632548"
"Apricot.Pepito del Rubio.Zaragoza",7,58.8662306624829,167.529241905641,1.39429886816991,25,4153.5,12888.8,139500,2.567e+18,4,36,4,1.6,"2026-05-11 13:25:50.23279"
"Apricot.Pepito del Rubio.Zaragoza",8,58.8565182128749,167.580325293731,1.40006283752077,25,4153.5,12888.8,139500,2.567e+18,4,36,4,1.6,"2026-05-11 13:26:26.418241"
"Apricot.Pepito del Rubio.Zaragoza",9,51.4733358276208,186.279234459226,0.164164910926176,25,4153.5,12888.8,139500,2.567e+18,4,36,4,1.6,"2026-05-11 13:27:01.033635"
"Apricot.Pepito del Rubio.Zaragoza",10,51.2612684943345,187.237365427018,0.165547677162059,25,4153.5,12888.8,139500,2.567e+18,4,36,4,1.6,"2026-05-11 13:27:32.901977"
"Apricot.Stark E. Orange.combined",1,60.2991475411091,183.272540142879,1.46984729676598,25,4153.5,12888.8,139500,2.567e+18,4,36,4,1.6,"2026-05-11 14:04:07.219117"
"Apricot.Stark E. Orange.combined",2,60.3109659287485,183.26820692884,1.48328930789087,25,4153.5,12888.8,139500,2.567e+18,4,36,4,1.6,"2026-05-11 14:04:45.049891"
"Apricot.Stark E. Orange.combined",3,60.3133858692932,183.237348025992,1.48422021609949,25,4153.5,12888.8,139500,2.567e+18,4,36,4,1.6,"2026-05-11 14:05:22.907635"
"Apricot.Stark E. Orange.combined",4,60.3039673936971,183.272273187127,1.48570770021777,25,4153.5,12888.8,139500,2.567e+18,4,36,4,1.6,"2026-05-11 14:06:00.645497"
"Apricot.Stark E. Orange.combined",5,60.3146123847814,183.255656438222,1.48413287532946,25,4153.5,12888.8,139500,2.567e+18,4,36,4,1.6,"2026-05-11 14:06:38.301082"
"Apricot.Stark E. Orange.combined",6,60.1527552205092,183.619955645139,1.49511740522553,25,4153.5,12888.8,139500,2.567e+18,4,36,4,1.6,"2026-05-11 14:07:23.506164"
"Apricot.Stark E. Orange.combined",7,60.1541849064077,183.611682148186,1.49214874792721,25,4153.5,12888.8,139500,2.567e+18,4,36,4,1.6,"2026-05-11 14:08:01.175031"
"Apricot.Stark E. Orange.combined",8,60.3068116492848,183.27463400381,1.47710133113272,25,4153.5,12888.8,139500,2.567e+18,4,36,4,1.6,"2026-05-11 14:08:37.907929"
"Apricot.Stark E. Orange.combined",9,60.3125744398457,183.244872433148,1.49225315611379,25,4153.5,12888.8,139500,2.567e+18,4,36,4,1.6,"2026-05-11 14:09:14.329281"
"Apricot.Stark E. Orange.combined",10,60.2987474040125,183.271942921771,1.46757801798582,25,4153.5,12888.8,139500,2.567e+18,4,36,4,1.6,"2026-05-11 14:09:51.141258"
"Apricot.Stark E. Orange.Zaragoza",1,60.2991475411091,183.272540142879,1.46984729676598,25,4153.5,12888.8,139500,2.567e+18,4,36,4,1.6,"2026-05-11 13:22:11.806967"
"Apricot.Stark E. Orange.Zaragoza",2,60.3109659287485,183.26820692884,1.48328930789087,25,4153.5,12888.8,139500,2.567e+18,4,36,4,1.6,"2026-05-11 13:22:55.006276"
"Apricot.Stark E. Orange.Zaragoza",3,60.3133858692932,183.237348025992,1.48422021609949,25,4153.5,12888.8,139500,2.567e+18,4,36,4,1.6,"2026-05-11 13:23:37.987854"
"Apricot.Stark E. Orange.Zaragoza",4,60.3039673936971,183.272273187127,1.48570770021777,25,4153.5,12888.8,139500,2.567e+18,4,36,4,1.6,"2026-05-11 13:24:20.956081"
"Apricot.Stark E. Orange.Zaragoza",5,60.3146123847814,183.255656438222,1.48413287532946,25,4153.5,12888.8,139500,2.567e+18,4,36,4,1.6,"2026-05-11 13:25:03.826689"
"Apricot.Stark E. Orange.Zaragoza",6,60.1527552205092,183.619955645139,1.49511740522553,25,4153.5,12888.8,139500,2.567e+18,4,36,4,1.6,"2026-05-11 13:25:55.044098"
"Apricot.Stark E. Orange.Zaragoza",7,60.1541849064077,183.611682148186,1.49214874792721,25,4153.5,12888.8,139500,2.567e+18,4,36,4,1.6,"2026-05-11 13:26:36.703375"
"Apricot.Stark E. Orange.Zaragoza",8,60.3068116492848,183.27463400381,1.47710133113272,25,4153.5,12888.8,139500,2.567e+18,4,36,4,1.6,"2026-05-11 13:27:16.604534"
"Apricot.Stark E. Orange.Zaragoza",9,60.3125744398457,183.244872433148,1.49225315611379,25,4153.5,12888.8,139500,2.567e+18,4,36,4,1.6,"2026-05-11 13:27:54.757164"
"Apricot.Stark E. Orange.Zaragoza",10,60.2987474040125,183.271942921771,1.46757801798582,25,4153.5,12888.8,139500,2.567e+18,4,36,4,1.6,"2026-05-11 13:28:32.16885"
"Apricot.Sunglo.combined",1,48.5295833663208,219.970327631489,0.159370612683244,25,4153.5,12888.8,139500,2.567e+18,4,36,4,1.6,"2026-05-11 14:04:07.941888"
"Apricot.Sunglo.combined",2,60.2321286269535,192.342190693349,1.47802617244316,25,4153.5,12888.8,139500,2.567e+18,4,36,4,1.6,"2026-05-11 14:04:46.202562"
"Apricot.Sunglo.combined",3,60.3449184748038,191.997906049105,1.49918527080256,25,4153.5,12888.8,139500,2.567e+18,4,36,4,1.6,"2026-05-11 14:05:24.302659"
"Apricot.Sunglo.combined",4,60.1999350106333,192.230087073456,1.4476972572037,25,4153.5,12888.8,139500,2.567e+18,4,36,4,1.6,"2026-05-11 14:06:02.613091"
"Apricot.Sunglo.combined",5,60.1505421487723,192.480314527677,1.48924533230282,25,4153.5,12888.8,139500,2.567e+18,4,36,4,1.6,"2026-05-11 14:06:40.527216"
"Apricot.Sunglo.combined",6,60.3544113129257,191.955823039757,1.49346758538785,25,4153.5,12888.8,139500,2.567e+18,4,36,4,1.6,"2026-05-11 14:07:25.770981"
"Apricot.Sunglo.combined",7,60.3539166453337,191.944825116749,1.49339412139829,25,4153.5,12888.8,139500,2.567e+18,4,36,4,1.6,"2026-05-11 14:08:03.69669"
"Apricot.Sunglo.combined",8,48.454718713063,221.284425822082,0.16745352049768,25,4153.5,12888.8,139500,2.567e+18,4,36,4,1.6,"2026-05-11 14:08:41.086762"
"Apricot.Sunglo.combined",9,48.3963514673972,222.67756732777,0.174839604846805,25,4153.5,12888.8,139500,2.567e+18,4,36,4,1.6,"2026-05-11 14:09:18.289404"
"Apricot.Sunglo.combined",10,60.2153441157385,192.533011298354,1.48668817376619,25,4153.5,12888.8,139500,2.567e+18,4,36,4,1.6,"2026-05-11 14:09:55.202663"
"Apricot.Sunglo.Zaragoza",1,48.5295833663208,219.970327631489,0.159370612683244,25,4153.5,12888.8,139500,2.567e+18,4,36,4,1.6,"2026-05-11 13:22:12.691268"
"Apricot.Sunglo.Zaragoza",2,60.2321286269535,192.342190693349,1.47802617244316,25,4153.5,12888.8,139500,2.567e+18,4,36,4,1.6,"2026-05-11 13:22:56.351415"
"Apricot.Sunglo.Zaragoza",3,60.3449184748038,191.997906049105,1.49918527080256,25,4153.5,12888.8,139500,2.567e+18,4,36,4,1.6,"2026-05-11 13:23:39.618434"
"Apricot.Sunglo.Zaragoza",4,60.1999350106333,192.230087073456,1.4476972572037,25,4153.5,12888.8,139500,2.567e+18,4,36,4,1.6,"2026-05-11 13:24:23.193756"
"Apricot.Sunglo.Zaragoza",5,60.1505421487723,192.480314527677,1.48924533230282,25,4153.5,12888.8,139500,2.567e+18,4,36,4,1.6,"2026-05-11 13:25:06.311905"
"Apricot.Sunglo.Zaragoza",6,60.3544113129257,191.955823039757,1.49346758538785,25,4153.5,12888.8,139500,2.567e+18,4,36,4,1.6,"2026-05-11 13:25:57.739633"
"Apricot.Sunglo.Zaragoza",7,60.3539166453337,191.944825116749,1.49339412139829,25,4153.5,12888.8,139500,2.567e+18,4,36,4,1.6,"2026-05-11 13:26:39.683455"
"Apricot.Sunglo.Zaragoza",8,48.454718713063,221.284425822082,0.16745352049768,25,4153.5,12888.8,139500,2.567e+18,4,36,4,1.6,"2026-05-11 13:27:20.140568"
"Apricot.Sunglo.Zaragoza",9,48.3963514673972,222.67756732777,0.174839604846805,25,4153.5,12888.8,139500,2.567e+18,4,36,4,1.6,"2026-05-11 13:27:58.974314"
"Apricot.Sunglo.Zaragoza",10,60.2153441157385,192.533011298354,1.48668817376619,25,4153.5,12888.8,139500,2.567e+18,4,36,4,1.6,"2026-05-11 13:28:36.327002"
"Apricot.Tadeo.Zaragoza",1,60.7926039644449,163.067230124887,1.469496278126,25,4153.5,12888.8,139500,2.567e+18,4,36,4,1.6,"2026-05-11 13:22:11.609167"
"Apricot.Tadeo.Zaragoza",2,60.7786318073161,163.084694889452,1.43640981313394,25,4153.5,12888.8,139500,2.567e+18,4,36,4,1.6,"2026-05-11 13:22:54.583609"
"Apricot.Tadeo.Zaragoza",3,60.7783787184259,163.088134847642,1.43895954059272,25,4153.5,12888.8,139500,2.567e+18,4,36,4,1.6,"2026-05-11 13:23:37.356112"
"Apricot.Tadeo.Zaragoza",4,60.7736179718627,163.094783945061,1.43368619325852,25,4153.5,12888.8,139500,2.567e+18,4,36,4,1.6,"2026-05-11 13:24:20.102045"
"Apricot.Tadeo.Zaragoza",5,60.7782295424539,163.08887839776,1.44273106380746,25,4153.5,12888.8,139500,2.567e+18,4,36,4,1.6,"2026-05-11 13:25:02.720247"
"Apricot.Tadeo.Zaragoza",6,60.7762075681177,163.084495578503,1.43389449942252,25,4153.5,12888.8,139500,2.567e+18,4,36,4,1.6,"2026-05-11 13:25:53.810316"
"Apricot.Tadeo.Zaragoza",7,60.7880461396311,163.074443953047,1.46655918452147,25,4153.5,12888.8,139500,2.567e+18,4,36,4,1.6,"2026-05-11 13:26:35.21794"
"Apricot.Tadeo.Zaragoza",8,60.613727409537,163.893145238314,1.49016396402306,25,4153.5,12888.8,139500,2.567e+18,4,36,4,1.6,"2026-05-11 13:27:15.028248"
"Apricot.Tadeo.Zaragoza",9,60.7848722772183,163.077791801835,1.44888792647211,25,4153.5,12888.8,139500,2.567e+18,4,36,4,1.6,"2026-05-11 13:27:53.062707"
"Apricot.Tadeo.Zaragoza",10,60.4661723839875,164.258919141154,1.48567822695437,25,4153.5,12888.8,139500,2.567e+18,4,36,4,1.6,"2026-05-11 13:28:30.376574"
"Apricot.Veecot.Zaragoza",1,66.7106251576368,132.142839671609,1.48629949308794,25,4153.5,12888.8,139500,2.567e+18,4,36,4,1.6,"2026-05-11 13:22:11.406427"
"Apricot.Veecot.Zaragoza",2,66.7042057060638,132.20567210651,1.49417221799644,25,4153.5,12888.8,139500,2.567e+18,4,36,4,1.6,"2026-05-11 13:22:54.137107"
"Apricot.Veecot.Zaragoza",3,66.7083960143798,132.154299960567,1.49754712040539,25,4153.5,12888.8,139500,2.567e+18,4,36,4,1.6,"2026-05-11 13:23:36.796803"
"Apricot.Veecot.Zaragoza",4,66.7008840929859,132.211660053346,1.48777331249171,25,4153.5,12888.8,139500,2.567e+18,4,36,4,1.6,"2026-05-11 13:24:19.314205"
"Apricot.Veecot.Zaragoza",5,62.6909459039194,147.58540005228,0.429294504096575,25,4153.5,12888.8,139500,2.567e+18,4,36,4,1.6,"2026-05-11 13:25:02.19382"
"Apricot.Veecot.Zaragoza",6,62.7057062959565,147.574173257818,0.432502138346382,25,4153.5,12888.8,139500,2.567e+18,4,36,4,1.6,"2026-05-11 13:25:53.403429"
"Apricot.Veecot.Zaragoza",7,62.6925553124813,147.598870731546,0.430827124735024,25,4153.5,12888.8,139500,2.567e+18,4,36,4,1.6,"2026-05-11 13:26:35.045933"
"Apricot.Veecot.Zaragoza",8,66.7124202503564,132.146446437627,1.49280188194538,25,4153.5,12888.8,139500,2.567e+18,4,36,4,1.6,"2026-05-11 13:27:14.590631"
"Apricot.Veecot.Zaragoza",9,62.7047589725925,147.514247150836,0.430593332983153,25,4153.5,12888.8,139500,2.567e+18,4,36,4,1.6,"2026-05-11 13:27:52.9476"
"Apricot.Veecot.Zaragoza",10,66.7092257556067,132.154974234555,1.48399209506266,25,4153.5,12888.8,139500,2.567e+18,4,36,4,1.6,"2026-05-11 13:28:30.234632"
"Sweet Cherry.Ambrunes.Zaragoza",1,63.6619876514911,278.679104651498,0.103661732724042,25,4153.5,12888.8,139500,2.567e+18,4,36,4,1.6,"2026-05-11 13:22:19.821363"
"Sweet Cherry.Ambrunes.Zaragoza",2,63.9082195399729,277.799501352021,0.104285092516562,25,4153.5,12888.8,139500,2.567e+18,4,36,4,1.6,"2026-05-11 13:23:11.430857"
"Sweet Cherry.Ambrunes.Zaragoza",3,63.8711059847525,278.340630012041,0.105035080726858,25,4153.5,12888.8,139500,2.567e+18,4,36,4,1.6,"2026-05-11 13:24:02.843862"
"Sweet Cherry.Ambrunes.Zaragoza",4,64.0109250694267,278.006489397419,0.105563751226098,25,4153.5,12888.8,139500,2.567e+18,4,36,4,1.6,"2026-05-11 13:24:54.106009"
"Sweet Cherry.Ambrunes.Zaragoza",5,63.911225649021,277.733640338144,0.10417317133911,25,4153.5,12888.8,139500,2.567e+18,4,36,4,1.6,"2026-05-11 13:25:45.01653"
"Sweet Cherry.Ambrunes.Zaragoza",6,63.8800814865504,278.211812117671,0.104817250598933,25,4153.5,12888.8,139500,2.567e+18,4,36,4,1.6,"2026-05-11 13:26:35.14148"
"Sweet Cherry.Ambrunes.Zaragoza",7,64.5350276490243,274.417958943843,0.103421273580932,25,4153.5,12888.8,139500,2.567e+18,4,36,4,1.6,"2026-05-11 13:27:22.617849"
"Sweet Cherry.Ambrunes.Zaragoza",8,64.0009839179905,277.92030345121,0.10521324837524,25,4153.5,12888.8,139500,2.567e+18,4,36,4,1.6,"2026-05-11 13:28:07.607682"
"Sweet Cherry.Ambrunes.Zaragoza",9,63.6030426777619,276.691605885618,0.100393221464204,25,4153.5,12888.8,139500,2.567e+18,4,36,4,1.6,"2026-05-11 13:28:50.741734"
"Sweet Cherry.Ambrunes.Zaragoza",10,63.8710335880805,278.334059747168,0.104985401707543,25,4153.5,12888.8,139500,2.567e+18,4,36,4,1.6,"2026-05-11 13:29:33.124221"
"Sweet Cherry.Bing.Zaragoza",1,68.5412887162267,296.053285110182,0.287099048815525,25,4153.5,12888.8,139500,2.567e+18,4,36,4,1.6,"2026-05-11 13:22:19.375688"
"Sweet Cherry.Bing.Zaragoza",2,68.4661642951389,282.063644408676,0.185791979458745,25,4153.5,12888.8,139500,2.567e+18,4,36,4,1.6,"2026-05-11 13:23:10.504142"
"Sweet Cherry.Bing.Zaragoza",3,68.4420847684052,281.025741146032,0.178723622248838,25,4153.5,12888.8,139500,2.567e+18,4,36,4,1.6,"2026-05-11 13:24:01.753506"
"Sweet Cherry.Bing.Zaragoza",4,68.4248323119166,295.813104362723,0.266983646834838,25,4153.5,12888.8,139500,2.567e+18,4,36,4,1.6,"2026-05-11 13:24:52.838157"
"Sweet Cherry.Bing.Zaragoza",5,68.4270384099987,281.514918991364,0.180245098268861,25,4153.5,12888.8,139500,2.567e+18,4,36,4,1.6,"2026-05-11 13:25:43.590383"
"Sweet Cherry.Bing.Zaragoza",6,68.3369209236169,296.105362879651,0.26885542420135,25,4153.5,12888.8,139500,2.567e+18,4,36,4,1.6,"2026-05-11 13:26:33.526406"
"Sweet Cherry.Bing.Zaragoza",7,68.4619140237207,280.948558346938,0.178646118523695,25,4153.5,12888.8,139500,2.567e+18,4,36,4,1.6,"2026-05-11 13:27:21.111603"
"Sweet Cherry.Bing.Zaragoza",8,68.3959933695538,281.263251580794,0.179769165069638,25,4153.5,12888.8,139500,2.567e+18,4,36,4,1.6,"2026-05-11 13:28:05.968612"
"Sweet Cherry.Bing.Zaragoza",9,68.4776530833075,281.811115852122,0.186247906379815,25,4153.5,12888.8,139500,2.567e+18,4,36,4,1.6,"2026-05-11 13:28:49.381893"
"Sweet Cherry.Bing.Zaragoza",10,68.3368383216156,281.585641518199,0.179027855606497,25,4153.5,12888.8,139500,2.567e+18,4,36,4,1.6,"2026-05-11 13:29:31.699703"
"Sweet Cherry.Blanca de Provenza.Zaragoza",1,69.9461251594919,340.484472777952,1.35406497079219,25,4153.5,12888.8,139500,2.567e+18,4,36,4,1.6,"2026-05-11 13:22:19.311344"
"Sweet Cherry.Blanca de Provenza.Zaragoza",2,70.8162677173848,334.735753560752,0.965780960056214,25,4153.5,12888.8,139500,2.567e+18,4,36,4,1.6,"2026-05-11 13:23:10.594254"
"Sweet Cherry.Blanca de Provenza.Zaragoza",3,70.806811719855,334.777911707515,0.978303268295157,25,4153.5,12888.8,139500,2.567e+18,4,36,4,1.6,"2026-05-11 13:24:01.789115"
"Sweet Cherry.Blanca de Provenza.Zaragoza",4,69.9485081465771,340.226779190386,1.1841251385878,25,4153.5,12888.8,139500,2.567e+18,4,36,4,1.6,"2026-05-11 13:24:52.827929"
"Sweet Cherry.Blanca de Provenza.Zaragoza",5,70.679103746676,335.369488090787,1.06108940683556,25,4153.5,12888.8,139500,2.567e+18,4,36,4,1.6,"2026-05-11 13:25:43.578578"
"Sweet Cherry.Blanca de Provenza.Zaragoza",6,70.8147837534754,335.029281870631,0.798201773547265,25,4153.5,12888.8,139500,2.567e+18,4,36,4,1.6,"2026-05-11 13:26:33.637234"
"Sweet Cherry.Blanca de Provenza.Zaragoza",7,69.9637593315377,340.6015901286,1.49492236071267,25,4153.5,12888.8,139500,2.567e+18,4,36,4,1.6,"2026-05-11 13:27:21.024023"
"Sweet Cherry.Blanca de Provenza.Zaragoza",8,70.8114219550909,334.75855774923,0.969169418842133,25,4153.5,12888.8,139500,2.567e+18,4,36,4,1.6,"2026-05-11 13:28:06.015962"
"Sweet Cherry.Blanca de Provenza.Zaragoza",9,70.8266160124133,334.926387912792,0.799315467742892,25,4153.5,12888.8,139500,2.567e+18,4,36,4,1.6,"2026-05-11 13:28:49.351549"
"Sweet Cherry.Blanca de Provenza.Zaragoza",10,69.9750054734468,340.418627904473,1.35160493430918,25,4153.5,12888.8,139500,2.567e+18,4,36,4,1.6,"2026-05-11 13:29:31.547857"
"Sweet Cherry.Burlat.combined",1,79.9992771929435,187.461378373167,0.100065669605561,25,4153.5,12888.8,139500,2.567e+18,4,36,4,1.6,"2026-05-11 14:05:11.600752"
"Sweet Cherry.Burlat.combined",2,79.9993823088577,187.451527799173,0.100011015076669,25,4153.5,12888.8,139500,2.567e+18,4,36,4,1.6,"2026-05-11 14:07:02.969213"
"Sweet Cherry.Burlat.combined",3,79.9991730082538,187.459738942668,0.10005193441828,25,4153.5,12888.8,139500,2.567e+18,4,36,4,1.6,"2026-05-11 14:09:00.650771"
"Sweet Cherry.Burlat.combined",4,79.9999499265118,187.453093559048,0.100049639302619,25,4153.5,12888.8,139500,2.567e+18,4,36,4,1.6,"2026-05-11 14:10:44.575294"
"Sweet Cherry.Burlat.combined",5,79.9994353341551,187.449976886581,0.100022392669016,25,4153.5,12888.8,139500,2.567e+18,4,36,4,1.6,"2026-05-11 14:12:29.087442"
"Sweet Cherry.Burlat.combined",6,79.9982373035101,187.452932974968,0.100012122807018,25,4153.5,12888.8,139500,2.567e+18,4,36,4,1.6,"2026-05-11 14:14:17.21343"
"Sweet Cherry.Burlat.combined",7,79.9990839852144,187.459447555064,0.100037625238616,25,4153.5,12888.8,139500,2.567e+18,4,36,4,1.6,"2026-05-11 14:15:55.218993"
"Sweet Cherry.Burlat.combined",8,79.9998247747428,187.453096712824,0.10002179696359,25,4153.5,12888.8,139500,2.567e+18,4,36,4,1.6,"2026-05-11 14:17:35.86707"
"Sweet Cherry.Burlat.combined",9,79.9973979080472,187.454401859162,0.100005270916411,25,4153.5,12888.8,139500,2.567e+18,4,36,4,1.6,"2026-05-11 14:19:06.969468"
"Sweet Cherry.Burlat.combined",10,79.9991439161969,187.447982376288,0.100006380905304,25,4153.5,12888.8,139500,2.567e+18,4,36,4,1.6,"2026-05-11 14:20:36.642753"
"Sweet Cherry.Burlat.Klein-Altendorf",1,79.9978378262063,178.728526259489,0.100087507741305,25,4153.5,12888.8,139500,2.567e+18,4,36,4,1.6,"2026-05-11 13:22:31.327915"
"Sweet Cherry.Burlat.Klein-Altendorf",2,79.993681715672,178.725449503887,0.100063367411118,25,4153.5,12888.8,139500,2.567e+18,4,36,4,1.6,"2026-05-11 13:23:41.456454"
"Sweet Cherry.Burlat.Klein-Altendorf",3,79.9965353608395,178.715077738393,0.100018246038047,25,4153.5,12888.8,139500,2.567e+18,4,36,4,1.6,"2026-05-11 13:24:44.012741"
"Sweet Cherry.Burlat.Klein-Altendorf",4,79.9962183629946,178.721413228902,0.100052809186162,25,4153.5,12888.8,139500,2.567e+18,4,36,4,1.6,"2026-05-11 13:25:50.36274"
"Sweet Cherry.Burlat.Klein-Altendorf",5,79.9942842211549,178.709995639209,0.100003050526049,25,4153.5,12888.8,139500,2.567e+18,4,36,4,1.6,"2026-05-11 13:27:06.058038"
"Sweet Cherry.Burlat.Klein-Altendorf",6,79.9953040466901,178.716354814017,0.100043797305184,25,4153.5,12888.8,139500,2.567e+18,4,36,4,1.6,"2026-05-11 13:28:09.905791"
"Sweet Cherry.Burlat.Klein-Altendorf",7,79.9949810952629,178.720146489738,0.100035172607984,25,4153.5,12888.8,139500,2.567e+18,4,36,4,1.6,"2026-05-11 13:29:03.955123"
"Sweet Cherry.Burlat.Klein-Altendorf",8,79.9950333712791,178.722017282857,0.100061688460444,25,4153.5,12888.8,139500,2.567e+18,4,36,4,1.6,"2026-05-11 13:29:55.744757"
"Sweet Cherry.Burlat.Klein-Altendorf",9,79.9886301006472,178.720958950439,0.100033024569608,25,4153.5,12888.8,139500,2.567e+18,4,36,4,1.6,"2026-05-11 13:30:45.928965"
"Sweet Cherry.Burlat.Klein-Altendorf",10,79.9927568887861,178.737202008485,0.100105741879258,25,4153.5,12888.8,139500,2.567e+18,4,36,4,1.6,"2026-05-11 13:31:35.72511"
"Sweet Cherry.Burlat.Zaragoza",1,65.4811531575362,337.841920387877,1.46551768494297,25,4153.5,12888.8,139500,2.567e+18,4,36,4,1.6,"2026-05-11 13:22:06.942253"
"Sweet Cherry.Burlat.Zaragoza",2,65.4862240097282,337.817494933397,1.41890904445563,25,4153.5,12888.8,139500,2.567e+18,4,36,4,1.6,"2026-05-11 13:22:46.60648"
"Sweet Cherry.Burlat.Zaragoza",3,65.4854598648884,337.828199281739,1.44090666550898,25,4153.5,12888.8,139500,2.567e+18,4,36,4,1.6,"2026-05-11 13:23:25.846597"
"Sweet Cherry.Burlat.Zaragoza",4,65.6366614872948,337.370909551328,1.49906147537938,25,4153.5,12888.8,139500,2.567e+18,4,36,4,1.6,"2026-05-11 13:24:05.335858"
"Sweet Cherry.Burlat.Zaragoza",5,65.4842965998231,337.823340388676,1.42034397853179,25,4153.5,12888.8,139500,2.567e+18,4,36,4,1.6,"2026-05-11 13:24:44.334155"
"Sweet Cherry.Burlat.Zaragoza",6,65.4848418122067,337.818287169195,1.44905819221829,25,4153.5,12888.8,139500,2.567e+18,4,36,4,1.6,"2026-05-11 13:25:23.170555"
"Sweet Cherry.Burlat.Zaragoza",7,65.6291945635407,337.385255323182,1.49968547819357,25,4153.5,12888.8,139500,2.567e+18,4,36,4,1.6,"2026-05-11 13:26:01.783225"
"Sweet Cherry.Burlat.Zaragoza",8,65.48024070099,337.846934506417,1.46332764398903,25,4153.5,12888.8,139500,2.567e+18,4,36,4,1.6,"2026-05-11 13:26:40.602345"
"Sweet Cherry.Burlat.Zaragoza",9,65.6340025315129,337.374743342033,1.49681012829253,25,4153.5,12888.8,139500,2.567e+18,4,36,4,1.6,"2026-05-11 13:27:18.97997"
"Sweet Cherry.Burlat.Zaragoza",10,65.4850799678995,337.82583298865,1.43128879716433,25,4153.5,12888.8,139500,2.567e+18,4,36,4,1.6,"2026-05-11 13:27:57.355977"
"Sweet Cherry.Chinook.Zaragoza",1,61.1833520459744,297.625362066326,0.187935372078046,25,4153.5,12888.8,139500,2.567e+18,4,36,4,1.6,"2026-05-11 13:22:09.303629"
"Sweet Cherry.Chinook.Zaragoza",2,61.4350174014029,296.95265160358,0.185617724061491,25,4153.5,12888.8,139500,2.567e+18,4,36,4,1.6,"2026-05-11 13:22:50.564729"
"Sweet Cherry.Chinook.Zaragoza",3,61.2032967921161,297.544560536453,0.187850813380882,25,4153.5,12888.8,139500,2.567e+18,4,36,4,1.6,"2026-05-11 13:23:32.012781"
"Sweet Cherry.Chinook.Zaragoza",4,61.1739640168145,297.60309605577,0.187540837190431,25,4153.5,12888.8,139500,2.567e+18,4,36,4,1.6,"2026-05-11 13:24:14.397253"
"Sweet Cherry.Chinook.Zaragoza",5,63.9165926017734,303.910725244105,0.922275718599361,25,4153.5,12888.8,139500,2.567e+18,4,36,4,1.6,"2026-05-11 13:24:55.047285"
"Sweet Cherry.Chinook.Zaragoza",6,61.4778718015143,297.246545507547,0.189076319469217,25,4153.5,12888.8,139500,2.567e+18,4,36,4,1.6,"2026-05-11 13:25:36.346176"
"Sweet Cherry.Chinook.Zaragoza",7,61.4438829018087,297.296672713003,0.188494381528624,25,4153.5,12888.8,139500,2.567e+18,4,36,4,1.6,"2026-05-11 13:26:18.195875"
"Sweet Cherry.Chinook.Zaragoza",8,63.9183939501701,303.895110305319,0.916104986446588,25,4153.5,12888.8,139500,2.567e+18,4,36,4,1.6,"2026-05-11 13:26:58.941169"
"Sweet Cherry.Chinook.Zaragoza",9,61.2037915978453,297.549765588998,0.187817647298424,25,4153.5,12888.8,139500,2.567e+18,4,36,4,1.6,"2026-05-11 13:27:41.802702"
"Sweet Cherry.Chinook.Zaragoza",10,61.46083785084,297.676113883557,0.190968891717049,25,4153.5,12888.8,139500,2.567e+18,4,36,4,1.6,"2026-05-11 13:28:33.045483"
"Sweet Cherry.Compact Stella.Zaragoza",1,65.3627070615679,357.628685786804,0.562640465316144,25,4153.5,12888.8,139500,2.567e+18,4,36,4,1.6,"2026-05-11 14:04:10.487822"
"Sweet Cherry.Compact Stella.Zaragoza",2,65.3798490939193,357.495049779692,0.533998273391592,25,4153.5,12888.8,139500,2.567e+18,4,36,4,1.6,"2026-05-11 14:04:53.296053"
"Sweet Cherry.Compact Stella.Zaragoza",3,65.378351206065,357.502076898703,0.534117360901814,25,4153.5,12888.8,139500,2.567e+18,4,36,4,1.6,"2026-05-11 14:05:35.928068"
"Sweet Cherry.Compact Stella.Zaragoza",4,65.3661285088398,357.471011662184,0.52288491373347,25,4153.5,12888.8,139500,2.567e+18,4,36,4,1.6,"2026-05-11 14:06:18.200027"
"Sweet Cherry.Compact Stella.Zaragoza",5,65.3838682576966,357.489891917199,0.535021613595968,25,4153.5,12888.8,139500,2.567e+18,4,36,4,1.6,"2026-05-11 14:06:59.834747"
"Sweet Cherry.Compact Stella.Zaragoza",6,65.0062261977015,357.488505606784,0.406660160627347,25,4153.5,12888.8,139500,2.567e+18,4,36,4,1.6,"2026-05-11 14:07:41.183571"
"Sweet Cherry.Compact Stella.Zaragoza",7,65.3791690400393,357.432064945673,0.521322678081288,25,4153.5,12888.8,139500,2.567e+18,4,36,4,1.6,"2026-05-11 14:08:21.844656"
"Sweet Cherry.Compact Stella.Zaragoza",8,65.3672701597847,357.533450445235,0.538611816959925,25,4153.5,12888.8,139500,2.567e+18,4,36,4,1.6,"2026-05-11 14:09:01.67282"
"Sweet Cherry.Compact Stella.Zaragoza",9,65.3858691631728,357.490809203461,0.536020421920017,25,4153.5,12888.8,139500,2.567e+18,4,36,4,1.6,"2026-05-11 14:09:45.220376"
"Sweet Cherry.Compact Stella.Zaragoza",10,65.4105459197044,357.270622458892,0.51794161196093,25,4153.5,12888.8,139500,2.567e+18,4,36,4,1.6,"2026-05-11 14:10:28.5546"
"Sweet Cherry.Corum.Zaragoza",1,63.4132058664422,275.920207960625,0.111602790304537,25,4153.5,12888.8,139500,2.567e+18,4,36,4,1.6,"2026-05-11 14:04:15.381283"
"Sweet Cherry.Corum.Zaragoza",2,63.317165175194,275.456107441733,0.109436546663039,25,4153.5,12888.8,139500,2.567e+18,4,36,4,1.6,"2026-05-11 14:05:02.963922"
"Sweet Cherry.Corum.Zaragoza",3,63.411396606619,275.855918391807,0.111421254426686,25,4153.5,12888.8,139500,2.567e+18,4,36,4,1.6,"2026-05-11 14:05:50.462576"
"Sweet Cherry.Corum.Zaragoza",4,63.4098530091737,275.879280349324,0.111430351307095,25,4153.5,12888.8,139500,2.567e+18,4,36,4,1.6,"2026-05-11 14:06:37.801005"
"Sweet Cherry.Corum.Zaragoza",5,63.355747400734,276.418467427235,0.111956778954533,25,4153.5,12888.8,139500,2.567e+18,4,36,4,1.6,"2026-05-11 14:07:25.043906"
"Sweet Cherry.Corum.Zaragoza",6,63.383006594173,275.273362239955,0.109683284370796,25,4153.5,12888.8,139500,2.567e+18,4,36,4,1.6,"2026-05-11 14:08:10.476552"
"Sweet Cherry.Corum.Zaragoza",7,63.4161246464442,275.793181277162,0.111301606760114,25,4153.5,12888.8,139500,2.567e+18,4,36,4,1.6,"2026-05-11 14:08:55.354374"
"Sweet Cherry.Corum.Zaragoza",8,63.367047212238,276.585654061185,0.11249086136548,25,4153.5,12888.8,139500,2.567e+18,4,36,4,1.6,"2026-05-11 14:09:39.170076"
"Sweet Cherry.Corum.Zaragoza",9,63.3590647708068,275.382235700045,0.109832736968815,25,4153.5,12888.8,139500,2.567e+18,4,36,4,1.6,"2026-05-11 14:10:30.501742"
"Sweet Cherry.Corum.Zaragoza",10,63.3139094818157,275.498926417046,0.109493871652483,25,4153.5,12888.8,139500,2.567e+18,4,36,4,1.6,"2026-05-11 14:11:13.941227"
"Sweet Cherry.Early Van Compact.Zaragoza",1,62.5252042979466,333.982485576503,0.354934384545681,25,4153.5,12888.8,139500,2.567e+18,4,36,4,1.6,"2026-05-11 14:04:15.58309"
"Sweet Cherry.Early Van Compact.Zaragoza",2,61.5610248608816,337.670460593436,0.410626618124232,25,4153.5,12888.8,139500,2.567e+18,4,36,4,1.6,"2026-05-11 14:05:03.172181"
"Sweet Cherry.Early Van Compact.Zaragoza",3,62.5249811048635,333.967018556985,0.353944259545781,25,4153.5,12888.8,139500,2.567e+18,4,36,4,1.6,"2026-05-11 14:05:50.744267"
"Sweet Cherry.Early Van Compact.Zaragoza",4,61.5618841891191,337.634275032015,0.410173822686607,25,4153.5,12888.8,139500,2.567e+18,4,36,4,1.6,"2026-05-11 14:06:37.724179"
"Sweet Cherry.Early Van Compact.Zaragoza",5,61.5655555315412,337.647291886842,0.4090767022057,25,4153.5,12888.8,139500,2.567e+18,4,36,4,1.6,"2026-05-11 14:07:24.920918"
"Sweet Cherry.Early Van Compact.Zaragoza",6,61.6263316168873,337.396484850303,0.404464433265141,25,4153.5,12888.8,139500,2.567e+18,4,36,4,1.6,"2026-05-11 14:08:10.200232"
"Sweet Cherry.Early Van Compact.Zaragoza",7,61.5604070194861,337.650753853643,0.406989292951227,25,4153.5,12888.8,139500,2.567e+18,4,36,4,1.6,"2026-05-11 14:08:55.27683"
"Sweet Cherry.Early Van Compact.Zaragoza",8,61.582798330894,337.585210461581,0.405287998758377,25,4153.5,12888.8,139500,2.567e+18,4,36,4,1.6,"2026-05-11 14:09:39.626919"
"Sweet Cherry.Early Van Compact.Zaragoza",9,62.4503032437719,334.213772888879,0.353689842429916,25,4153.5,12888.8,139500,2.567e+18,4,36,4,1.6,"2026-05-11 14:10:24.794536"
"Sweet Cherry.Early Van Compact.Zaragoza",10,62.6272429499533,333.63113895682,0.379242528568156,25,4153.5,12888.8,139500,2.567e+18,4,36,4,1.6,"2026-05-11 14:11:08.101025"
"Sweet Cherry.Garnet.Zaragoza",1,61.2811194752439,314.824372023037,0.447881696188199,25,4153.5,12888.8,139500,2.567e+18,4,36,4,1.6,"2026-05-11 14:04:04.630654"
"Sweet Cherry.Garnet.Zaragoza",2,61.897683817577,312.524816177712,0.404677487939501,25,4153.5,12888.8,139500,2.567e+18,4,36,4,1.6,"2026-05-11 14:04:41.629939"
"Sweet Cherry.Garnet.Zaragoza",3,61.2939464503786,314.788846683644,0.44813294922549,25,4153.5,12888.8,139500,2.567e+18,4,36,4,1.6,"2026-05-11 14:05:17.682112"
"Sweet Cherry.Garnet.Zaragoza",4,61.2876882112479,314.808313926913,0.44879831091115,25,4153.5,12888.8,139500,2.567e+18,4,36,4,1.6,"2026-05-11 14:05:54.28177"
"Sweet Cherry.Garnet.Zaragoza",5,61.2171339981621,315.054294808889,0.42104413164997,25,4153.5,12888.8,139500,2.567e+18,4,36,4,1.6,"2026-05-11 14:06:31.051428"
"Sweet Cherry.Garnet.Zaragoza",6,61.3162777076042,314.632263793942,0.466437748585736,25,4153.5,12888.8,139500,2.567e+18,4,36,4,1.6,"2026-05-11 14:07:07.339881"
"Sweet Cherry.Garnet.Zaragoza",7,61.2826557326981,314.974425236093,0.430878917450165,25,4153.5,12888.8,139500,2.567e+18,4,36,4,1.6,"2026-05-11 14:07:42.862956"
"Sweet Cherry.Garnet.Zaragoza",8,61.2952104388251,314.788318990623,0.447172085334281,25,4153.5,12888.8,139500,2.567e+18,4,36,4,1.6,"2026-05-11 14:08:17.360663"
"Sweet Cherry.Garnet.Zaragoza",9,64.2966853054507,311.087884764534,1.49629652801242,25,4153.5,12888.8,139500,2.567e+18,4,36,4,1.6,"2026-05-11 14:08:52.292752"
"Sweet Cherry.Garnet.Zaragoza",10,63.0911447137472,319.667581365825,1.49954945978125,25,4153.5,12888.8,139500,2.567e+18,4,36,4,1.6,"2026-05-11 14:09:26.076839"
"Sweet Cherry.Gilpeck.Zaragoza",1,59.5582815312422,362.509632748785,0.190972387915914,25,4153.5,12888.8,139500,2.567e+18,4,36,4,1.6,"2026-05-11 14:04:16.169353"
"Sweet Cherry.Gilpeck.Zaragoza",2,59.4258378213001,364.057910124508,0.195887289880778,25,4153.5,12888.8,139500,2.567e+18,4,36,4,1.6,"2026-05-11 14:05:04.354502"
"Sweet Cherry.Gilpeck.Zaragoza",3,59.5557119707155,362.613896950744,0.191154621671273,25,4153.5,12888.8,139500,2.567e+18,4,36,4,1.6,"2026-05-11 14:05:52.510041"
"Sweet Cherry.Gilpeck.Zaragoza",4,59.4398100478382,364.005686760913,0.195747892902886,25,4153.5,12888.8,139500,2.567e+18,4,36,4,1.6,"2026-05-11 14:06:41.133475"
"Sweet Cherry.Gilpeck.Zaragoza",5,59.3609683494588,361.877500666138,0.180827014789588,25,4153.5,12888.8,139500,2.567e+18,4,36,4,1.6,"2026-05-11 14:07:28.50142"
"Sweet Cherry.Gilpeck.Zaragoza",6,59.5452918017158,362.574127811049,0.190977327648452,25,4153.5,12888.8,139500,2.567e+18,4,36,4,1.6,"2026-05-11 14:08:14.466143"
"Sweet Cherry.Gilpeck.Zaragoza",7,59.415719663335,364.069534874601,0.1954397224871,25,4153.5,12888.8,139500,2.567e+18,4,36,4,1.6,"2026-05-11 14:09:00.647514"
"Sweet Cherry.Gilpeck.Zaragoza",8,59.3645719369256,361.900064637284,0.181097860934702,25,4153.5,12888.8,139500,2.567e+18,4,36,4,1.6,"2026-05-11 14:09:45.503591"
"Sweet Cherry.Gilpeck.Zaragoza",9,59.4530932104112,363.953026267014,0.195612139641404,25,4153.5,12888.8,139500,2.567e+18,4,36,4,1.6,"2026-05-11 14:10:31.493683"
"Sweet Cherry.Gilpeck.Zaragoza",10,59.559455187798,362.466419199891,0.190594836430761,25,4153.5,12888.8,139500,2.567e+18,4,36,4,1.6,"2026-05-11 14:11:26.143927"
"Sweet Cherry.Hedelfinger.Zaragoza",1,61.9816408409042,358.417202375157,0.135963326120532,25,4153.5,12888.8,139500,2.567e+18,4,36,4,1.6,"2026-05-11 14:04:16.438008"
"Sweet Cherry.Hedelfinger.Zaragoza",2,61.9790876817949,358.396030242349,0.135881689198107,25,4153.5,12888.8,139500,2.567e+18,4,36,4,1.6,"2026-05-11 14:05:04.962104"
"Sweet Cherry.Hedelfinger.Zaragoza",3,61.9827588223101,358.406753304707,0.135932136263961,25,4153.5,12888.8,139500,2.567e+18,4,36,4,1.6,"2026-05-11 14:05:53.467158"
"Sweet Cherry.Hedelfinger.Zaragoza",4,61.982690695609,358.394855633673,0.135893944301247,25,4153.5,12888.8,139500,2.567e+18,4,36,4,1.6,"2026-05-11 14:06:41.375397"
"Sweet Cherry.Hedelfinger.Zaragoza",5,61.9787566770117,358.413285721588,0.135899642170502,25,4153.5,12888.8,139500,2.567e+18,4,36,4,1.6,"2026-05-11 14:07:29.269547"
"Sweet Cherry.Hedelfinger.Zaragoza",6,61.9878316993352,358.332536329686,0.13581173431509,25,4153.5,12888.8,139500,2.567e+18,4,36,4,1.6,"2026-05-11 14:08:15.494243"
"Sweet Cherry.Hedelfinger.Zaragoza",7,61.8261219775374,359.780143434475,0.137507692932861,25,4153.5,12888.8,139500,2.567e+18,4,36,4,1.6,"2026-05-11 14:09:00.905748"
"Sweet Cherry.Hedelfinger.Zaragoza",8,61.9836120810837,358.39025201186,0.135912485451072,25,4153.5,12888.8,139500,2.567e+18,4,36,4,1.6,"2026-05-11 14:09:46.118002"
"Sweet Cherry.Hedelfinger.Zaragoza",9,61.8622183802845,360.020928125889,0.138655225548831,25,4153.5,12888.8,139500,2.567e+18,4,36,4,1.6,"2026-05-11 14:10:31.087066"
"Sweet Cherry.Hedelfinger.Zaragoza",10,61.9850128032156,358.260410488922,0.135544337005768,25,4153.5,12888.8,139500,2.567e+18,4,36,4,1.6,"2026-05-11 14:11:15.327721"
"Sweet Cherry.Lambert.Zaragoza",1,57.0155905179105,413.935649548625,1.49473959391509,25,4153.5,12888.8,139500,2.567e+18,4,36,4,1.6,"2026-05-11 14:04:15.509027"
"Sweet Cherry.Lambert.Zaragoza",2,57.0188230769156,414.001477615862,1.49961147095583,25,4153.5,12888.8,139500,2.567e+18,4,36,4,1.6,"2026-05-11 14:05:03.108838"
"Sweet Cherry.Lambert.Zaragoza",3,57.0050042577305,414.013433772761,1.49609032809378,25,4153.5,12888.8,139500,2.567e+18,4,36,4,1.6,"2026-05-11 14:05:50.645384"
"Sweet Cherry.Lambert.Zaragoza",4,57.0039835361203,414.025395096796,1.49631281735624,25,4153.5,12888.8,139500,2.567e+18,4,36,4,1.6,"2026-05-11 14:06:38.555759"
"Sweet Cherry.Lambert.Zaragoza",5,57.0014069286312,414.038974811625,1.47680241579314,25,4153.5,12888.8,139500,2.567e+18,4,36,4,1.6,"2026-05-11 14:07:25.345001"
"Sweet Cherry.Lambert.Zaragoza",6,57.0183848330241,414.003843148306,1.49935416063538,25,4153.5,12888.8,139500,2.567e+18,4,36,4,1.6,"2026-05-11 14:08:10.766824"
"Sweet Cherry.Lambert.Zaragoza",7,57.0126634584004,413.990504389618,1.49249501531158,25,4153.5,12888.8,139500,2.567e+18,4,36,4,1.6,"2026-05-11 14:08:56.338874"
"Sweet Cherry.Lambert.Zaragoza",8,57.0189445911814,414.001697964,1.49969113057256,25,4153.5,12888.8,139500,2.567e+18,4,36,4,1.6,"2026-05-11 14:09:40.583201"
"Sweet Cherry.Lambert.Zaragoza",9,56.7522943718018,407.378409401317,1.49891264973689,25,4153.5,12888.8,139500,2.567e+18,4,36,4,1.6,"2026-05-11 14:10:26.014882"
"Sweet Cherry.Lambert.Zaragoza",10,57.0205573954446,413.924039362631,1.48840335972934,25,4153.5,12888.8,139500,2.567e+18,4,36,4,1.6,"2026-05-11 14:11:20.349108"
"Sweet Cherry.Lapins.Zaragoza",1,64.2069908460356,274.323564930989,0.102231008415541,25,4153.5,12888.8,139500,2.567e+18,4,36,4,1.6,"2026-05-11 14:04:15.179716"
"Sweet Cherry.Lapins.Zaragoza",2,60.8600479042265,326.305307239381,1.48016891946671,25,4153.5,12888.8,139500,2.567e+18,4,36,4,1.6,"2026-05-11 14:05:01.886566"
"Sweet Cherry.Lapins.Zaragoza",3,60.8622476850071,326.300913930956,1.49368434728383,25,4153.5,12888.8,139500,2.567e+18,4,36,4,1.6,"2026-05-11 14:05:48.623777"
"Sweet Cherry.Lapins.Zaragoza",4,60.8031466319389,308.026280920376,0.15679592853417,25,4153.5,12888.8,139500,2.567e+18,4,36,4,1.6,"2026-05-11 14:06:35.904913"
"Sweet Cherry.Lapins.Zaragoza",5,60.8659607362977,326.291897510093,1.4795094777373,25,4153.5,12888.8,139500,2.567e+18,4,36,4,1.6,"2026-05-11 14:07:21.884924"
"Sweet Cherry.Lapins.Zaragoza",6,64.4420897316992,273.00128718226,0.100225638180355,25,4153.5,12888.8,139500,2.567e+18,4,36,4,1.6,"2026-05-11 14:08:07.01571"
"Sweet Cherry.Lapins.Zaragoza",7,60.8897369506406,326.414181321226,1.3491848120526,25,4153.5,12888.8,139500,2.567e+18,4,36,4,1.6,"2026-05-11 14:08:51.846555"
"Sweet Cherry.Lapins.Zaragoza",8,60.8610447059775,326.308184673542,1.47014430241862,25,4153.5,12888.8,139500,2.567e+18,4,36,4,1.6,"2026-05-11 14:09:35.453334"
"Sweet Cherry.Lapins.Zaragoza",9,65.0257654993427,270.208120959108,0.102005422842868,25,4153.5,12888.8,139500,2.567e+18,4,36,4,1.6,"2026-05-11 14:10:20.392743"
"Sweet Cherry.Lapins.Zaragoza",10,64.2342332199157,274.388017103145,0.102711378837615,25,4153.5,12888.8,139500,2.567e+18,4,36,4,1.6,"2026-05-11 14:11:14.625519"
"Sweet Cherry.Marvin.Zaragoza",1,64.8517851789841,348.384629118576,1.29740863633951,25,4153.5,12888.8,139500,2.567e+18,4,36,4,1.6,"2026-05-11 14:03:58.994572"
"Sweet Cherry.Marvin.Zaragoza",2,64.9427730960342,347.60019454761,1.30284069747468,25,4153.5,12888.8,139500,2.567e+18,4,36,4,1.6,"2026-05-11 14:04:30.939043"
"Sweet Cherry.Marvin.Zaragoza",3,64.8352613608467,348.393969632034,1.24530130466207,25,4153.5,12888.8,139500,2.567e+18,4,36,4,1.6,"2026-05-11 14:05:02.318267"
"Sweet Cherry.Marvin.Zaragoza",4,64.9382434819846,347.60955273541,1.29734293310116,25,4153.5,12888.8,139500,2.567e+18,4,36,4,1.6,"2026-05-11 14:05:33.62004"
"Sweet Cherry.Marvin.Zaragoza",5,64.9417582403072,347.598236947697,1.29961623677028,25,4153.5,12888.8,139500,2.567e+18,4,36,4,1.6,"2026-05-11 14:06:04.896573"
"Sweet Cherry.Marvin.Zaragoza",6,64.9452698887611,347.597987475557,1.30362384921445,25,4153.5,12888.8,139500,2.567e+18,4,36,4,1.6,"2026-05-11 14:06:39.427934"
"Sweet Cherry.Marvin.Zaragoza",7,64.8518517100189,348.374793051939,1.30749548893912,25,4153.5,12888.8,139500,2.567e+18,4,36,4,1.6,"2026-05-11 14:07:10.535936"
"Sweet Cherry.Marvin.Zaragoza",8,64.9301214615649,347.620121273517,1.28817454275571,25,4153.5,12888.8,139500,2.567e+18,4,36,4,1.6,"2026-05-11 14:07:40.841782"
"Sweet Cherry.Marvin.Zaragoza",9,64.7077361297864,348.319567950429,1.0495114657527,25,4153.5,12888.8,139500,2.567e+18,4,36,4,1.6,"2026-05-11 14:08:17.759698"
"Sweet Cherry.Marvin.Zaragoza",10,64.9430578718794,347.597006788836,1.29731019992014,25,4153.5,12888.8,139500,2.567e+18,4,36,4,1.6,"2026-05-11 14:08:47.704364"
"Sweet Cherry.Napoleon.Zaragoza",1,67.1649886566858,324.233483207858,1.40344101467984,25,4153.5,12888.8,139500,2.567e+18,4,36,4,1.6,"2026-05-11 14:04:14.97234"
"Sweet Cherry.Napoleon.Zaragoza",2,67.1837411079342,324.203087804753,1.35538905548764,25,4153.5,12888.8,139500,2.567e+18,4,36,4,1.6,"2026-05-11 14:05:01.965668"
"Sweet Cherry.Napoleon.Zaragoza",3,67.1658459341184,324.224649897696,1.3947483256475,25,4153.5,12888.8,139500,2.567e+18,4,36,4,1.6,"2026-05-11 14:05:48.922342"
"Sweet Cherry.Napoleon.Zaragoza",4,67.166868406586,324.236782375449,1.40015710108582,25,4153.5,12888.8,139500,2.567e+18,4,36,4,1.6,"2026-05-11 14:06:35.186178"
"Sweet Cherry.Napoleon.Zaragoza",5,67.1452171272863,324.414003343078,1.33617349613337,25,4153.5,12888.8,139500,2.567e+18,4,36,4,1.6,"2026-05-11 14:07:21.314111"
"Sweet Cherry.Napoleon.Zaragoza",6,67.1722383494723,324.211128067225,1.37877555384707,25,4153.5,12888.8,139500,2.567e+18,4,36,4,1.6,"2026-05-11 14:08:06.263236"
"Sweet Cherry.Napoleon.Zaragoza",7,67.1697044005807,324.22306293061,1.37453232985051,25,4153.5,12888.8,139500,2.567e+18,4,36,4,1.6,"2026-05-11 14:08:51.421582"
"Sweet Cherry.Napoleon.Zaragoza",8,67.1850179582363,324.198734035782,1.35620539911777,25,4153.5,12888.8,139500,2.567e+18,4,36,4,1.6,"2026-05-11 14:09:35.329617"
"Sweet Cherry.Napoleon.Zaragoza",9,67.1680050156179,324.23024523044,1.39262675391696,25,4153.5,12888.8,139500,2.567e+18,4,36,4,1.6,"2026-05-11 14:10:20.256788"
"Sweet Cherry.Napoleon.Zaragoza",10,67.1488054591805,324.372056059662,1.33388497922605,25,4153.5,12888.8,139500,2.567e+18,4,36,4,1.6,"2026-05-11 14:11:14.433724"
"Sweet Cherry.Newstar.Zaragoza",1,79.9977522625157,262.600095690365,0.319282531551389,25,4153.5,12888.8,139500,2.567e+18,4,36,4,1.6,"2026-05-11 14:04:07.840626"
"Sweet Cherry.Newstar.Zaragoza",2,79.9922200621684,263.159203171674,0.331135490797254,25,4153.5,12888.8,139500,2.567e+18,4,36,4,1.6,"2026-05-11 14:04:48.593608"
"Sweet Cherry.Newstar.Zaragoza",3,42.8993975178005,448.024210505651,1.49859420718493,25,4153.5,12888.8,139500,2.567e+18,4,36,4,1.6,"2026-05-11 14:05:28.580122"
"Sweet Cherry.Newstar.Zaragoza",4,79.9974980087709,262.655497502883,0.319756023508235,25,4153.5,12888.8,139500,2.567e+18,4,36,4,1.6,"2026-05-11 14:06:08.219119"
"Sweet Cherry.Newstar.Zaragoza",5,79.9828137489647,262.653601143048,0.324064934832466,25,4153.5,12888.8,139500,2.567e+18,4,36,4,1.6,"2026-05-11 14:06:55.214633"
"Sweet Cherry.Newstar.Zaragoza",6,79.8747256006073,246.148528741469,0.171205102588754,25,4153.5,12888.8,139500,2.567e+18,4,36,4,1.6,"2026-05-11 14:07:33.99499"
"Sweet Cherry.Newstar.Zaragoza",7,79.9908177166796,262.913396465386,0.328012907142504,25,4153.5,12888.8,139500,2.567e+18,4,36,4,1.6,"2026-05-11 14:08:17.757858"
"Sweet Cherry.Newstar.Zaragoza",8,42.9013068301633,448.021141588189,1.4986446261431,25,4153.5,12888.8,139500,2.567e+18,4,36,4,1.6,"2026-05-11 14:08:54.741288"
"Sweet Cherry.Newstar.Zaragoza",9,79.9904323149514,263.298003075028,0.320756997091064,25,4153.5,12888.8,139500,2.567e+18,4,36,4,1.6,"2026-05-11 14:09:31.679009"
"Sweet Cherry.Newstar.Zaragoza",10,79.9991466070744,262.775025058634,0.321398459729654,25,4153.5,12888.8,139500,2.567e+18,4,36,4,1.6,"2026-05-11 14:10:08.437723"
"Sweet Cherry.Pico Colorado.Zaragoza",1,62.0429795403391,332.611350517371,0.164727435256357,25,4153.5,12888.8,139500,2.567e+18,4,36,4,1.6,"2026-05-11 14:04:16.065645"
"Sweet Cherry.Pico Colorado.Zaragoza",2,62.0511469426484,332.799720329413,0.165474831938766,25,4153.5,12888.8,139500,2.567e+18,4,36,4,1.6,"2026-05-11 14:05:04.493641"
"Sweet Cherry.Pico Colorado.Zaragoza",3,62.0562896257676,332.277965420571,0.163552676947314,25,4153.5,12888.8,139500,2.567e+18,4,36,4,1.6,"2026-05-11 14:05:52.843293"
"Sweet Cherry.Pico Colorado.Zaragoza",4,62.0393066746358,332.584994071291,0.164459579900479,25,4153.5,12888.8,139500,2.567e+18,4,36,4,1.6,"2026-05-11 14:06:40.84901"
"Sweet Cherry.Pico Colorado.Zaragoza",5,61.7661831469608,332.42968402714,0.160572381940906,25,4153.5,12888.8,139500,2.567e+18,4,36,4,1.6,"2026-05-11 14:07:28.508207"
"Sweet Cherry.Pico Colorado.Zaragoza",6,61.8331801893713,328.944131744626,0.147025588175903,25,4153.5,12888.8,139500,2.567e+18,4,36,4,1.6,"2026-05-11 14:08:13.454132"
"Sweet Cherry.Pico Colorado.Zaragoza",7,61.8009463485649,332.387809331506,0.160888380293748,25,4153.5,12888.8,139500,2.567e+18,4,36,4,1.6,"2026-05-11 14:08:58.604694"
"Sweet Cherry.Pico Colorado.Zaragoza",8,61.8256114204189,328.907357834642,0.146725466082941,25,4153.5,12888.8,139500,2.567e+18,4,36,4,1.6,"2026-05-11 14:09:43.729004"
"Sweet Cherry.Pico Colorado.Zaragoza",9,62.1984491657434,332.085831161372,0.165157211552115,25,4153.5,12888.8,139500,2.567e+18,4,36,4,1.6,"2026-05-11 14:10:29.728058"
"Sweet Cherry.Pico Colorado.Zaragoza",10,62.0419992803645,332.690802949554,0.164998924904095,25,4153.5,12888.8,139500,2.567e+18,4,36,4,1.6,"2026-05-11 14:11:13.828136"
"Sweet Cherry.Pico Negro.Zaragoza",1,65.8038658092831,272.718673260292,0.100160464723304,25,4153.5,12888.8,139500,2.567e+18,4,36,4,1.6,"2026-05-11 14:04:15.89704"
"Sweet Cherry.Pico Negro.Zaragoza",2,65.5972309967108,274.443964494048,0.101654737241981,25,4153.5,12888.8,139500,2.567e+18,4,36,4,1.6,"2026-05-11 14:05:03.924553"
"Sweet Cherry.Pico Negro.Zaragoza",3,65.5898352411277,274.479687364369,0.101669321941477,25,4153.5,12888.8,139500,2.567e+18,4,36,4,1.6,"2026-05-11 14:05:51.762725"
"Sweet Cherry.Pico Negro.Zaragoza",4,65.5829748423522,274.547112423926,0.10173270678898,25,4153.5,12888.8,139500,2.567e+18,4,36,4,1.6,"2026-05-11 14:06:39.096146"
"Sweet Cherry.Pico Negro.Zaragoza",5,65.5499825326087,275.030567925379,0.102395204785922,25,4153.5,12888.8,139500,2.567e+18,4,36,4,1.6,"2026-05-11 14:07:26.191633"
"Sweet Cherry.Pico Negro.Zaragoza",6,63.136832727219,307.465936701197,0.150055069572375,25,4153.5,12888.8,139500,2.567e+18,4,36,4,1.6,"2026-05-11 14:08:11.026503"
"Sweet Cherry.Pico Negro.Zaragoza",7,65.5939813310521,274.399829557958,0.101551154228711,25,4153.5,12888.8,139500,2.567e+18,4,36,4,1.6,"2026-05-11 14:08:55.950528"
"Sweet Cherry.Pico Negro.Zaragoza",8,65.5899204793012,274.565572817494,0.101836546751037,25,4153.5,12888.8,139500,2.567e+18,4,36,4,1.6,"2026-05-11 14:09:40.745319"
"Sweet Cherry.Pico Negro.Zaragoza",9,63.1157902590032,307.631886717932,0.150303327527393,25,4153.5,12888.8,139500,2.567e+18,4,36,4,1.6,"2026-05-11 14:10:25.65753"
"Sweet Cherry.Pico Negro.Zaragoza",10,63.1274572663486,307.52454913316,0.15010628550134,25,4153.5,12888.8,139500,2.567e+18,4,36,4,1.6,"2026-05-11 14:11:09.959796"
"Sweet Cherry.Precoce Bernard.Zaragoza",1,63.2848091948573,299.494138078114,0.161159538873679,25,4153.5,12888.8,139500,2.567e+18,4,36,4,1.6,"2026-05-11 14:04:15.796332"
"Sweet Cherry.Precoce Bernard.Zaragoza",2,63.3995556000053,298.894474634674,0.160679687905094,25,4153.5,12888.8,139500,2.567e+18,4,36,4,1.6,"2026-05-11 14:05:03.700907"
"Sweet Cherry.Precoce Bernard.Zaragoza",3,64.4730570184215,318.002829492038,1.04038943238647,25,4153.5,12888.8,139500,2.567e+18,4,36,4,1.6,"2026-05-11 14:05:51.166346"
"Sweet Cherry.Precoce Bernard.Zaragoza",4,62.1949139841108,318.465695480175,0.213545925868221,25,4153.5,12888.8,139500,2.567e+18,4,36,4,1.6,"2026-05-11 14:06:39.10087"
"Sweet Cherry.Precoce Bernard.Zaragoza",5,64.531900505968,317.857483313861,1.15279169967968,25,4153.5,12888.8,139500,2.567e+18,4,36,4,1.6,"2026-05-11 14:07:26.037282"
"Sweet Cherry.Precoce Bernard.Zaragoza",6,62.775994393234,318.868763402184,0.355794396558296,25,4153.5,12888.8,139500,2.567e+18,4,36,4,1.6,"2026-05-11 14:08:10.781498"
"Sweet Cherry.Precoce Bernard.Zaragoza",7,64.4796315343487,317.963230013417,1.05076210987169,25,4153.5,12888.8,139500,2.567e+18,4,36,4,1.6,"2026-05-11 14:08:55.014799"
"Sweet Cherry.Precoce Bernard.Zaragoza",8,63.0372904086295,300.031123264174,0.157373990377865,25,4153.5,12888.8,139500,2.567e+18,4,36,4,1.6,"2026-05-11 14:09:39.685281"
"Sweet Cherry.Precoce Bernard.Zaragoza",9,64.4360175460872,318.025397671578,0.999807944219451,25,4153.5,12888.8,139500,2.567e+18,4,36,4,1.6,"2026-05-11 14:10:25.221199"
"Sweet Cherry.Precoce Bernard.Zaragoza",10,62.8662479434771,321.984263283827,0.944204469893255,25,4153.5,12888.8,139500,2.567e+18,4,36,4,1.6,"2026-05-11 14:11:08.941173"
"Sweet Cherry.Rainier.Zaragoza",1,79.9921516052312,255.024807261114,0.416843517779272,25,4153.5,12888.8,139500,2.567e+18,4,36,4,1.6,"2026-05-11 14:04:15.342322"
"Sweet Cherry.Rainier.Zaragoza",2,79.990784272493,255.033929425099,0.41726054130368,25,4153.5,12888.8,139500,2.567e+18,4,36,4,1.6,"2026-05-11 14:05:02.773491"
"Sweet Cherry.Rainier.Zaragoza",3,79.9789562111299,254.929423029979,0.413140327504613,25,4153.5,12888.8,139500,2.567e+18,4,36,4,1.6,"2026-05-11 14:05:50.208135"
"Sweet Cherry.Rainier.Zaragoza",4,79.988160489328,255.030872636332,0.416824673117703,25,4153.5,12888.8,139500,2.567e+18,4,36,4,1.6,"2026-05-11 14:06:36.864041"
"Sweet Cherry.Rainier.Zaragoza",5,79.998927755479,255.969077938727,0.430515616837289,25,4153.5,12888.8,139500,2.567e+18,4,36,4,1.6,"2026-05-11 14:07:22.867028"
"Sweet Cherry.Rainier.Zaragoza",6,79.9863623558296,255.00842395172,0.416197068765263,25,4153.5,12888.8,139500,2.567e+18,4,36,4,1.6,"2026-05-11 14:08:07.264092"
"Sweet Cherry.Rainier.Zaragoza",7,79.9929480476906,255.033159480643,0.418203751090636,25,4153.5,12888.8,139500,2.567e+18,4,36,4,1.6,"2026-05-11 14:08:52.399403"
"Sweet Cherry.Rainier.Zaragoza",8,79.9977469000259,254.981917958642,0.417785550034781,25,4153.5,12888.8,139500,2.567e+18,4,36,4,1.6,"2026-05-11 14:09:36.779635"
"Sweet Cherry.Rainier.Zaragoza",9,79.6873669635722,262.752648425117,0.676872633501973,25,4153.5,12888.8,139500,2.567e+18,4,36,4,1.6,"2026-05-11 14:10:20.936724"
"Sweet Cherry.Rainier.Zaragoza",10,79.9901906700046,255.001288797111,0.416324113475509,25,4153.5,12888.8,139500,2.567e+18,4,36,4,1.6,"2026-05-11 14:11:06.093894"
"Sweet Cherry.Ramon Oliva.Zaragoza",1,64.8142566181402,317.163222700131,1.4940999115359,25,4153.5,12888.8,139500,2.567e+18,4,36,4,1.6,"2026-05-11 14:04:15.030963"
"Sweet Cherry.Ramon Oliva.Zaragoza",2,64.7931784779377,317.212042287852,1.49801442784396,25,4153.5,12888.8,139500,2.567e+18,4,36,4,1.6,"2026-05-11 14:05:02.287203"
"Sweet Cherry.Ramon Oliva.Zaragoza",3,64.7930767572985,317.211771133854,1.49712912541852,25,4153.5,12888.8,139500,2.567e+18,4,36,4,1.6,"2026-05-11 14:05:49.60795"
"Sweet Cherry.Ramon Oliva.Zaragoza",4,63.4305766147287,298.91723957532,0.161557409928279,25,4153.5,12888.8,139500,2.567e+18,4,36,4,1.6,"2026-05-11 14:06:37.928582"
"Sweet Cherry.Ramon Oliva.Zaragoza",5,64.7931477923151,317.223233341373,1.49831252149267,25,4153.5,12888.8,139500,2.567e+18,4,36,4,1.6,"2026-05-11 14:07:23.975106"
"Sweet Cherry.Ramon Oliva.Zaragoza",6,64.7722397886547,317.27216695491,1.47090767423478,25,4153.5,12888.8,139500,2.567e+18,4,36,4,1.6,"2026-05-11 14:08:08.152811"
"Sweet Cherry.Ramon Oliva.Zaragoza",7,63.0753094719839,317.136003766237,0.332662056282229,25,4153.5,12888.8,139500,2.567e+18,4,36,4,1.6,"2026-05-11 14:08:53.599846"
"Sweet Cherry.Ramon Oliva.Zaragoza",8,63.4005026752807,299.627546015574,0.165637154885397,25,4153.5,12888.8,139500,2.567e+18,4,36,4,1.6,"2026-05-11 14:09:38.238744"
"Sweet Cherry.Ramon Oliva.Zaragoza",9,64.7936963279464,317.21104546942,1.49865013084286,25,4153.5,12888.8,139500,2.567e+18,4,36,4,1.6,"2026-05-11 14:10:23.820454"
"Sweet Cherry.Ramon Oliva.Zaragoza",10,63.4207947956266,298.706500274144,0.160078894917844,25,4153.5,12888.8,139500,2.567e+18,4,36,4,1.6,"2026-05-11 14:11:18.832902"
"Sweet Cherry.Regina.Klein-Altendorf",1,79.9938450160116,221.021319423765,0.100002222821159,25,4153.5,12888.8,139500,2.567e+18,4,36,4,1.6,"2026-05-11 13:24:06.71371"
"Sweet Cherry.Regina.Klein-Altendorf",2,79.9994569367985,221.017663859595,0.100010252376925,25,4153.5,12888.8,139500,2.567e+18,4,36,4,1.6,"2026-05-11 13:25:08.16486"
"Sweet Cherry.Regina.Klein-Altendorf",3,79.9930571461761,221.026199186694,0.100013605784218,25,4153.5,12888.8,139500,2.567e+18,4,36,4,1.6,"2026-05-11 14:04:36.090178"
"Sweet Cherry.Regina.Klein-Altendorf",4,79.9930249636645,221.023789860686,0.100008435082052,25,4153.5,12888.8,139500,2.567e+18,4,36,4,1.6,"2026-05-11 14:05:57.174542"
"Sweet Cherry.Regina.Klein-Altendorf",5,27.1463555371079,307.60853936263,1.49766412822646,25,4153.5,12888.8,139500,2.567e+18,4,36,4,1.6,"2026-05-11 14:07:03.607132"
"Sweet Cherry.Regina.Klein-Altendorf",6,79.572071859808,223.655705460617,0.101172370374024,25,4153.5,12888.8,139500,2.567e+18,4,36,4,1.6,"2026-05-11 14:08:06.587404"
"Sweet Cherry.Regina.Klein-Altendorf",7,79.9987353441033,221.027808922586,0.100040448334918,25,4153.5,12888.8,139500,2.567e+18,4,36,4,1.6,"2026-05-11 14:09:09.877683"
"Sweet Cherry.Regina.Klein-Altendorf",8,79.9996885247435,221.025441243981,0.100034478505558,25,4153.5,12888.8,139500,2.567e+18,4,36,4,1.6,"2026-05-11 14:10:21.383462"
"Sweet Cherry.Regina.Klein-Altendorf",9,79.9959253208566,221.021298454855,0.100007101709678,25,4153.5,12888.8,139500,2.567e+18,4,36,4,1.6,"2026-05-11 14:11:24.030276"
"Sweet Cherry.Regina.Klein-Altendorf",10,26.5683351693201,310.036112287812,1.4750210278027,25,4153.5,12888.8,139500,2.567e+18,4,36,4,1.6,"2026-05-11 14:12:21.49842"
"Sweet Cherry.Rubi.Zaragoza",1,65.2162463015226,297.861914901473,1.49626627445377,25,4153.5,12888.8,139500,2.567e+18,4,36,4,1.6,"2026-05-11 13:23:35.163603"
"Sweet Cherry.Rubi.Zaragoza",2,65.1238343227914,266.062694039322,0.12739912589082,25,4153.5,12888.8,139500,2.567e+18,4,36,4,1.6,"2026-05-11 13:24:06.120431"
"Sweet Cherry.Rubi.Zaragoza",3,65.2197802659412,297.844710780567,1.49961671544925,25,4153.5,12888.8,139500,2.567e+18,4,36,4,1.6,"2026-05-11 13:24:37.212744"
"Sweet Cherry.Rubi.Zaragoza",4,65.1476354767765,265.932942723372,0.127337483205132,25,4153.5,12888.8,139500,2.567e+18,4,36,4,1.6,"2026-05-11 13:25:08.41711"
"Sweet Cherry.Rubi.Zaragoza",5,65.0971367476169,266.150579465424,0.127329828900301,25,4153.5,12888.8,139500,2.567e+18,4,36,4,1.6,"2026-05-11 13:25:39.344626"
"Sweet Cherry.Rubi.Zaragoza",6,67.3355800142876,249.029674493501,0.101812180685641,25,4153.5,12888.8,139500,2.567e+18,4,36,4,1.6,"2026-05-11 14:04:01.674468"
"Sweet Cherry.Rubi.Zaragoza",7,65.1401253156211,266.117785211381,0.127690862415913,25,4153.5,12888.8,139500,2.567e+18,4,36,4,1.6,"2026-05-11 14:04:35.877219"
"Sweet Cherry.Rubi.Zaragoza",8,65.1290308056609,266.004910949648,0.127234251877391,25,4153.5,12888.8,139500,2.567e+18,4,36,4,1.6,"2026-05-11 14:05:10.320465"
"Sweet Cherry.Rubi.Zaragoza",9,65.1440308829477,265.954150486647,0.127342154824263,25,4153.5,12888.8,139500,2.567e+18,4,36,4,1.6,"2026-05-11 14:05:45.172452"
"Sweet Cherry.Rubi.Zaragoza",10,65.0934925054961,265.702385664959,0.125946128359013,25,4153.5,12888.8,139500,2.567e+18,4,36,4,1.6,"2026-05-11 14:06:19.330961"
"Sweet Cherry.Sam.Zaragoza",1,66.7053575657923,386.158048498194,1.44605587095666,25,4153.5,12888.8,139500,2.567e+18,4,36,4,1.6,"2026-05-11 13:23:48.080152"
"Sweet Cherry.Sam.Zaragoza",2,66.7047250020564,386.15820353902,1.45076396952284,25,4153.5,12888.8,139500,2.567e+18,4,36,4,1.6,"2026-05-11 13:24:31.572813"
"Sweet Cherry.Sam.Zaragoza",3,66.7049783524698,386.158520749177,1.45493110534513,25,4153.5,12888.8,139500,2.567e+18,4,36,4,1.6,"2026-05-11 13:25:15.033838"
"Sweet Cherry.Sam.Zaragoza",4,66.7063590256377,386.156464606896,1.4489640359125,25,4153.5,12888.8,139500,2.567e+18,4,36,4,1.6,"2026-05-11 13:25:59.12177"
"Sweet Cherry.Sam.Zaragoza",5,66.7052252043688,386.157834471472,1.4514709790292,25,4153.5,12888.8,139500,2.567e+18,4,36,4,1.6,"2026-05-11 14:04:22.598803"
"Sweet Cherry.Sam.Zaragoza",6,66.7051910250473,386.154967162667,1.45486272678067,25,4153.5,12888.8,139500,2.567e+18,4,36,4,1.6,"2026-05-11 14:05:08.294973"
"Sweet Cherry.Sam.Zaragoza",7,66.7036091863036,386.158109946379,1.45441662727649,25,4153.5,12888.8,139500,2.567e+18,4,36,4,1.6,"2026-05-11 14:05:54.022187"
"Sweet Cherry.Sam.Zaragoza",8,66.7065313880237,386.154155673016,1.44896312289436,25,4153.5,12888.8,139500,2.567e+18,4,36,4,1.6,"2026-05-11 14:06:39.485883"
"Sweet Cherry.Sam.Zaragoza",9,66.7052602976845,386.153927647654,1.45027387214564,25,4153.5,12888.8,139500,2.567e+18,4,36,4,1.6,"2026-05-11 14:07:24.755086"
"Sweet Cherry.Sam.Zaragoza",10,66.7062024538592,386.154912638402,1.45499638352769,25,4153.5,12888.8,139500,2.567e+18,4,36,4,1.6,"2026-05-11 14:08:07.611001"
"Sweet Cherry.Sandom Rose.Zaragoza",1,66.7798359263787,294.823322825661,1.49593514235743,25,4153.5,12888.8,139500,2.567e+18,4,36,4,1.6,"2026-05-11 13:23:40.388522"
"Sweet Cherry.Sandom Rose.Zaragoza",2,66.7888965662297,294.771697184117,1.48777150793668,25,4153.5,12888.8,139500,2.567e+18,4,36,4,1.6,"2026-05-11 13:24:16.747698"
"Sweet Cherry.Sandom Rose.Zaragoza",3,67.1022439333382,285.813977493097,1.49785899965358,25,4153.5,12888.8,139500,2.567e+18,4,36,4,1.6,"2026-05-11 13:24:52.502069"
"Sweet Cherry.Sandom Rose.Zaragoza",4,63.5522916215764,295.041413572577,0.275459141095835,25,4153.5,12888.8,139500,2.567e+18,4,36,4,1.6,"2026-05-11 13:25:28.159933"
"Sweet Cherry.Sandom Rose.Zaragoza",5,67.062404129531,285.985917692797,1.49566448369232,25,4153.5,12888.8,139500,2.567e+18,4,36,4,1.6,"2026-05-11 14:04:05.051774"
"Sweet Cherry.Sandom Rose.Zaragoza",6,67.1202788287007,285.769701272425,1.4924458802133,25,4153.5,12888.8,139500,2.567e+18,4,36,4,1.6,"2026-05-11 14:04:41.90115"
"Sweet Cherry.Sandom Rose.Zaragoza",7,67.0909580913784,285.883442375692,1.49876901588161,25,4153.5,12888.8,139500,2.567e+18,4,36,4,1.6,"2026-05-11 14:05:18.809658"
"Sweet Cherry.Sandom Rose.Zaragoza",8,66.7922940948614,294.802027851226,1.4917721832047,25,4153.5,12888.8,139500,2.567e+18,4,36,4,1.6,"2026-05-11 14:05:55.345358"
"Sweet Cherry.Sandom Rose.Zaragoza",9,67.1090771297774,285.791935898242,1.49049169090224,25,4153.5,12888.8,139500,2.567e+18,4,36,4,1.6,"2026-05-11 14:06:31.990054"
"Sweet Cherry.Sandom Rose.Zaragoza",10,66.7965217267279,294.771974638598,1.48589316976255,25,4153.5,12888.8,139500,2.567e+18,4,36,4,1.6,"2026-05-11 14:07:09.123047"
"Sweet Cherry.Santina.Zaragoza",1,66.2823615499835,337.576361988501,1.49246554465385,25,4153.5,12888.8,139500,2.567e+18,4,36,4,1.6,"2026-05-11 13:23:42.882078"
"Sweet Cherry.Santina.Zaragoza",2,66.2783550731588,337.589357400222,1.49837580595622,25,4153.5,12888.8,139500,2.567e+18,4,36,4,1.6,"2026-05-11 13:24:20.857354"
"Sweet Cherry.Santina.Zaragoza",3,66.2821400106373,337.573803459537,1.49300770396367,25,4153.5,12888.8,139500,2.567e+18,4,36,4,1.6,"2026-05-11 13:24:59.705976"
"Sweet Cherry.Santina.Zaragoza",4,66.2625726653007,337.688782924167,1.48543972091225,25,4153.5,12888.8,139500,2.567e+18,4,36,4,1.6,"2026-05-11 13:25:38.011102"
"Sweet Cherry.Santina.Zaragoza",5,66.2892803349833,337.545785851249,1.49987265304936,25,4153.5,12888.8,139500,2.567e+18,4,36,4,1.6,"2026-05-11 14:04:07.849152"
"Sweet Cherry.Santina.Zaragoza",6,66.2829136361584,337.573230162693,1.49636790436283,25,4153.5,12888.8,139500,2.567e+18,4,36,4,1.6,"2026-05-11 14:04:47.949696"
"Sweet Cherry.Santina.Zaragoza",7,66.2908249554258,337.535509999305,1.49861716217415,25,4153.5,12888.8,139500,2.567e+18,4,36,4,1.6,"2026-05-11 14:05:32.201186"
"Sweet Cherry.Santina.Zaragoza",8,66.283692616951,337.572324263261,1.49871263216713,25,4153.5,12888.8,139500,2.567e+18,4,36,4,1.6,"2026-05-11 14:06:12.766315"
"Sweet Cherry.Santina.Zaragoza",9,66.287326759311,337.553298823309,1.49840312414086,25,4153.5,12888.8,139500,2.567e+18,4,36,4,1.6,"2026-05-11 14:06:52.75817"
"Sweet Cherry.Santina.Zaragoza",10,66.286332466766,337.5585304272,1.49875531365094,25,4153.5,12888.8,139500,2.567e+18,4,36,4,1.6,"2026-05-11 14:07:32.058414"
"Sweet Cherry.Schneiders.Klein-Altendorf",1,79.9975058486351,205.887162531247,0.10015001979941,25,4153.5,12888.8,139500,2.567e+18,4,36,4,1.6,"2026-05-11 13:24:06.023825"
"Sweet Cherry.Schneiders.Klein-Altendorf",2,79.9146606586784,206.013031350781,0.100340649179612,25,4153.5,12888.8,139500,2.567e+18,4,36,4,1.6,"2026-05-11 13:25:07.080346"
"Sweet Cherry.Schneiders.Klein-Altendorf",3,79.9983687299269,205.869905525738,0.10009507989081,25,4153.5,12888.8,139500,2.567e+18,4,36,4,1.6,"2026-05-11 14:04:45.579647"
"Sweet Cherry.Schneiders.Klein-Altendorf",4,79.9900864661743,205.541148868182,0.102840572682973,25,4153.5,12888.8,139500,2.567e+18,4,36,4,1.6,"2026-05-11 14:05:50.15573"
"Sweet Cherry.Schneiders.Klein-Altendorf",5,21.6848217025756,327.075915663222,0.872998281775161,25,4153.5,12888.8,139500,2.567e+18,4,36,4,1.6,"2026-05-11 14:06:54.91163"
"Sweet Cherry.Schneiders.Klein-Altendorf",6,79.9696506570027,205.819085438974,0.100095791471442,25,4153.5,12888.8,139500,2.567e+18,4,36,4,1.6,"2026-05-11 14:07:54.540683"
"Sweet Cherry.Schneiders.Klein-Altendorf",7,21.6171841672622,327.656110280752,0.901264993651926,25,4153.5,12888.8,139500,2.567e+18,4,36,4,1.6,"2026-05-11 14:08:59.891852"
"Sweet Cherry.Schneiders.Klein-Altendorf",8,79.9889480084641,205.87602619437,0.100051358226775,25,4153.5,12888.8,139500,2.567e+18,4,36,4,1.6,"2026-05-11 14:10:01.472933"
"Sweet Cherry.Schneiders.Klein-Altendorf",9,79.9969841935897,205.858273267561,0.100055345177872,25,4153.5,12888.8,139500,2.567e+18,4,36,4,1.6,"2026-05-11 14:11:00.181144"
"Sweet Cherry.Schneiders.Klein-Altendorf",10,25.8831534873006,307.774943182861,0.703351002148305,25,4153.5,12888.8,139500,2.567e+18,4,36,4,1.6,"2026-05-11 14:12:10.817887"
"Sweet Cherry.Star.Zaragoza",1,60.6679959676275,377.432134061822,0.932889919436284,25,4153.5,12888.8,139500,2.567e+18,4,36,4,1.6,"2026-05-11 13:23:42.145845"
"Sweet Cherry.Star.Zaragoza",2,61.4694719820046,375.514805686552,1.45371591608565,25,4153.5,12888.8,139500,2.567e+18,4,36,4,1.6,"2026-05-11 13:24:19.810856"
"Sweet Cherry.Star.Zaragoza",3,60.6576936873165,377.458872772835,0.942988447066453,25,4153.5,12888.8,139500,2.567e+18,4,36,4,1.6,"2026-05-11 13:24:57.601407"
"Sweet Cherry.Star.Zaragoza",4,60.6569821168411,377.445793425035,0.94163920353947,25,4153.5,12888.8,139500,2.567e+18,4,36,4,1.6,"2026-05-11 13:25:35.049264"
"Sweet Cherry.Star.Zaragoza",5,61.4767601679343,375.515665391324,1.43988923735799,25,4153.5,12888.8,139500,2.567e+18,4,36,4,1.6,"2026-05-11 14:04:08.115211"
"Sweet Cherry.Star.Zaragoza",6,60.628328231771,377.48341933507,0.931831628641777,25,4153.5,12888.8,139500,2.567e+18,4,36,4,1.6,"2026-05-11 14:04:48.937493"
"Sweet Cherry.Star.Zaragoza",7,60.6588306744107,377.410402771948,1.00075196356255,25,4153.5,12888.8,139500,2.567e+18,4,36,4,1.6,"2026-05-11 14:05:29.665577"
"Sweet Cherry.Star.Zaragoza",8,60.661110722893,377.440704336485,0.935787620246003,25,4153.5,12888.8,139500,2.567e+18,4,36,4,1.6,"2026-05-11 14:06:14.27396"
"Sweet Cherry.Star.Zaragoza",9,60.6630532137747,377.444723245411,0.949637748197242,25,4153.5,12888.8,139500,2.567e+18,4,36,4,1.6,"2026-05-11 14:06:56.973543"
"Sweet Cherry.Star.Zaragoza",10,60.650692888341,377.465047497334,0.949326929031921,25,4153.5,12888.8,139500,2.567e+18,4,36,4,1.6,"2026-05-11 14:07:36.275222"
"Sweet Cherry.Sue.Zaragoza",1,69.2862649845538,338.623126503966,0.249688853511016,25,4153.5,12888.8,139500,2.567e+18,4,36,4,1.6,"2026-05-11 13:23:47.23481"
"Sweet Cherry.Sue.Zaragoza",2,69.3035312725524,338.661754377729,0.250875497785445,25,4153.5,12888.8,139500,2.567e+18,4,36,4,1.6,"2026-05-11 13:24:30.156616"
"Sweet Cherry.Sue.Zaragoza",3,69.2391873954394,338.856094546248,0.249647621692423,25,4153.5,12888.8,139500,2.567e+18,4,36,4,1.6,"2026-05-11 13:25:12.874679"
"Sweet Cherry.Sue.Zaragoza",4,68.8883885190637,347.585633637438,0.305730968247088,25,4153.5,12888.8,139500,2.567e+18,4,36,4,1.6,"2026-05-11 13:25:56.523974"
"Sweet Cherry.Sue.Zaragoza",5,68.5490213988997,352.375452155244,1.35088602025597,25,4153.5,12888.8,139500,2.567e+18,4,36,4,1.6,"2026-05-11 14:04:22.16681"
"Sweet Cherry.Sue.Zaragoza",6,69.2628466436393,338.814433838526,0.25006735224977,25,4153.5,12888.8,139500,2.567e+18,4,36,4,1.6,"2026-05-11 14:05:08.234481"
"Sweet Cherry.Sue.Zaragoza",7,68.5375419617181,352.303007327238,1.22190453664413,25,4153.5,12888.8,139500,2.567e+18,4,36,4,1.6,"2026-05-11 14:05:52.278393"
"Sweet Cherry.Sue.Zaragoza",8,69.2569886110983,338.887386291224,0.250932982694422,25,4153.5,12888.8,139500,2.567e+18,4,36,4,1.6,"2026-05-11 14:06:36.363384"
"Sweet Cherry.Sue.Zaragoza",9,69.3078899181737,338.647483143951,0.250974997349559,25,4153.5,12888.8,139500,2.567e+18,4,36,4,1.6,"2026-05-11 14:07:21.276549"
"Sweet Cherry.Sue.Zaragoza",10,69.3189032436904,338.638030913819,0.251556596491511,25,4153.5,12888.8,139500,2.567e+18,4,36,4,1.6,"2026-05-11 14:08:06.658065"
"Sweet Cherry.Summit.Zaragoza",1,65.5550866011437,376.508664741722,1.49922444485299,25,4153.5,12888.8,139500,2.567e+18,4,36,4,1.6,"2026-05-11 13:23:46.700413"
"Sweet Cherry.Summit.Zaragoza",2,65.5551242759945,376.506782766913,1.49963827731585,25,4153.5,12888.8,139500,2.567e+18,4,36,4,1.6,"2026-05-11 13:24:28.766089"
"Sweet Cherry.Summit.Zaragoza",3,65.5287351218289,376.701707359104,1.46970465507487,25,4153.5,12888.8,139500,2.567e+18,4,36,4,1.6,"2026-05-11 13:25:10.749747"
"Sweet Cherry.Summit.Zaragoza",4,65.5282278101175,376.704053607622,1.47441196882444,25,4153.5,12888.8,139500,2.567e+18,4,36,4,1.6,"2026-05-11 13:25:52.539916"
"Sweet Cherry.Summit.Zaragoza",5,65.5549895008625,376.50705881542,1.4996706413168,25,4153.5,12888.8,139500,2.567e+18,4,36,4,1.6,"2026-05-11 14:04:23.779558"
"Sweet Cherry.Summit.Zaragoza",6,65.5550050375248,376.508493034131,1.4995479007498,25,4153.5,12888.8,139500,2.567e+18,4,36,4,1.6,"2026-05-11 14:05:08.858048"
"Sweet Cherry.Summit.Zaragoza",7,65.5556597398782,376.504290629086,1.49873563943866,25,4153.5,12888.8,139500,2.567e+18,4,36,4,1.6,"2026-05-11 14:05:54.054931"
"Sweet Cherry.Summit.Zaragoza",8,65.5555018286459,376.507531154085,1.49847353111236,25,4153.5,12888.8,139500,2.567e+18,4,36,4,1.6,"2026-05-11 14:06:39.124289"
"Sweet Cherry.Summit.Zaragoza",9,65.5551526900676,376.506966997945,1.49905046735184,25,4153.5,12888.8,139500,2.567e+18,4,36,4,1.6,"2026-05-11 14:07:25.855721"
"Sweet Cherry.Summit.Zaragoza",10,65.5300964272238,376.700174907641,1.47795384021183,25,4153.5,12888.8,139500,2.567e+18,4,36,4,1.6,"2026-05-11 14:08:11.034146"
"Sweet Cherry.Sunburst.Zaragoza",1,66.3520780152095,373.350927420969,1.48325667279975,25,4153.5,12888.8,139500,2.567e+18,4,36,4,1.6,"2026-05-11 14:04:09.486204"
"Sweet Cherry.Sunburst.Zaragoza",2,66.1783964457447,374.234656050427,1.49252548647934,25,4153.5,12888.8,139500,2.567e+18,4,36,4,1.6,"2026-05-11 14:04:49.858557"
"Sweet Cherry.Sunburst.Zaragoza",3,66.3598321970718,373.324503645719,1.48856402819635,25,4153.5,12888.8,139500,2.567e+18,4,36,4,1.6,"2026-05-11 14:05:29.936045"
"Sweet Cherry.Sunburst.Zaragoza",4,66.3725305503287,373.254640423139,1.49304149263767,25,4153.5,12888.8,139500,2.567e+18,4,36,4,1.6,"2026-05-11 14:06:10.028996"
"Sweet Cherry.Sunburst.Zaragoza",5,66.3774163503466,373.229516114016,1.49762488599776,25,4153.5,12888.8,139500,2.567e+18,4,36,4,1.6,"2026-05-11 14:06:49.611763"
"Sweet Cherry.Sunburst.Zaragoza",6,66.3082975158052,372.639374100858,1.49808237750693,25,4153.5,12888.8,139500,2.567e+18,4,36,4,1.6,"2026-05-11 14:07:30.559365"
"Sweet Cherry.Sunburst.Zaragoza",7,66.3119465225733,372.632014186179,1.49825618819974,25,4153.5,12888.8,139500,2.567e+18,4,36,4,1.6,"2026-05-11 14:08:10.344761"
"Sweet Cherry.Sunburst.Zaragoza",8,66.3157295956377,372.606609998403,1.49827624523231,25,4153.5,12888.8,139500,2.567e+18,4,36,4,1.6,"2026-05-11 14:08:49.038131"
"Sweet Cherry.Sunburst.Zaragoza",9,66.3153956735228,372.618360944101,1.49454727215824,25,4153.5,12888.8,139500,2.567e+18,4,36,4,1.6,"2026-05-11 14:09:31.784406"
"Sweet Cherry.Sunburst.Zaragoza",10,66.3710665920647,373.272729618415,1.49171632817822,25,4153.5,12888.8,139500,2.567e+18,4,36,4,1.6,"2026-05-11 14:10:14.760589"
"Sweet Cherry.Sylvia.combined",1,79.9729101581798,219.092088054073,0.100075043045724,25,4153.5,12888.8,139500,2.567e+18,4,36,4,1.6,"2026-05-11 14:04:43.805374"
"Sweet Cherry.Sylvia.combined",2,79.9997012199773,218.842951860963,0.100009498886585,25,4153.5,12888.8,139500,2.567e+18,4,36,4,1.6,"2026-05-11 14:05:48.404879"
"Sweet Cherry.Sylvia.combined",3,79.9986690049268,218.942352108261,0.10000074217262,25,4153.5,12888.8,139500,2.567e+18,4,36,4,1.6,"2026-05-11 14:07:07.149956"
"Sweet Cherry.Sylvia.combined",4,79.9759623490812,219.064469043526,0.100032669974293,25,4153.5,12888.8,139500,2.567e+18,4,36,4,1.6,"2026-05-11 14:08:12.112512"
"Sweet Cherry.Sylvia.combined",5,79.9770505064475,219.056559395979,0.100028679773464,25,4153.5,12888.8,139500,2.567e+18,4,36,4,1.6,"2026-05-11 14:09:19.257379"
"Sweet Cherry.Sylvia.combined",6,79.9732472197675,219.092217554806,0.100089282431474,25,4153.5,12888.8,139500,2.567e+18,4,36,4,1.6,"2026-05-11 14:10:21.788938"
"Sweet Cherry.Sylvia.combined",7,79.9745325084988,219.082158533514,0.100055223177121,25,4153.5,12888.8,139500,2.567e+18,4,36,4,1.6,"2026-05-11 14:11:22.721051"
"Sweet Cherry.Sylvia.combined",8,79.9991014103696,218.690567486123,0.100115521682063,25,4153.5,12888.8,139500,2.567e+18,4,36,4,1.6,"2026-05-11 14:12:24.72616"
"Sweet Cherry.Sylvia.combined",9,79.9877426898064,219.04877379956,0.100018570717827,25,4153.5,12888.8,139500,2.567e+18,4,36,4,1.6,"2026-05-11 14:13:24.331987"
"Sweet Cherry.Sylvia.combined",10,79.9737495145616,219.082825740275,0.100065541589532,25,4153.5,12888.8,139500,2.567e+18,4,36,4,1.6,"2026-05-11 14:14:35.036004"
"Sweet Cherry.Sylvia.Klein-Altendorf",1,79.989335117061,216.240303182257,0.381071788831458,25,4153.5,12888.8,139500,2.567e+18,4,36,4,1.6,"2026-05-11 14:03:51.578082"
"Sweet Cherry.Sylvia.Klein-Altendorf",2,79.9752204936971,216.216284076403,0.386532252794132,25,4153.5,12888.8,139500,2.567e+18,4,36,4,1.6,"2026-05-11 14:04:16.012977"
"Sweet Cherry.Sylvia.Klein-Altendorf",3,79.963613281492,216.248970027104,0.384337145651372,25,4153.5,12888.8,139500,2.567e+18,4,36,4,1.6,"2026-05-11 14:04:39.737754"
"Sweet Cherry.Sylvia.Klein-Altendorf",4,79.9918014667324,216.49825267846,0.45080773065706,25,4153.5,12888.8,139500,2.567e+18,4,36,4,1.6,"2026-05-11 14:05:03.563487"
"Sweet Cherry.Sylvia.Klein-Altendorf",5,79.9825619707195,214.64775977232,0.218044586904975,25,4153.5,12888.8,139500,2.567e+18,4,36,4,1.6,"2026-05-11 14:05:28.051721"
"Sweet Cherry.Sylvia.Klein-Altendorf",6,79.8669794452953,216.446606714869,1.47917469220696,25,4153.5,12888.8,139500,2.567e+18,4,36,4,1.6,"2026-05-11 14:05:51.598952"
"Sweet Cherry.Sylvia.Klein-Altendorf",7,79.9864429677107,214.648441124882,0.216564464630264,25,4153.5,12888.8,139500,2.567e+18,4,36,4,1.6,"2026-05-11 14:06:19.955979"
"Sweet Cherry.Sylvia.Klein-Altendorf",8,79.8337975619123,216.458729437779,1.48232870185341,25,4153.5,12888.8,139500,2.567e+18,4,36,4,1.6,"2026-05-11 14:06:43.588521"
"Sweet Cherry.Sylvia.Klein-Altendorf",9,79.9975456036731,214.623410967768,0.218650285512108,25,4153.5,12888.8,139500,2.567e+18,4,36,4,1.6,"2026-05-11 14:07:07.240899"
"Sweet Cherry.Sylvia.Klein-Altendorf",10,79.8240348412097,216.460467603149,1.49228225486962,25,4153.5,12888.8,139500,2.567e+18,4,36,4,1.6,"2026-05-11 14:07:30.736422"
"Sweet Cherry.Sylvia.Zaragoza",1,66.4634368594979,385.412914908304,1.46767314292304,25,4153.5,12888.8,139500,2.567e+18,4,36,4,1.6,"2026-05-11 14:04:09.140134"
"Sweet Cherry.Sylvia.Zaragoza",2,66.4549331091479,385.478821048646,1.47807635170605,25,4153.5,12888.8,139500,2.567e+18,4,36,4,1.6,"2026-05-11 14:04:50.101936"
"Sweet Cherry.Sylvia.Zaragoza",3,60.6190232520189,379.509150202784,0.159188490665067,25,4153.5,12888.8,139500,2.567e+18,4,36,4,1.6,"2026-05-11 14:05:32.843818"
"Sweet Cherry.Sylvia.Zaragoza",4,60.6018263788917,379.533213245021,0.159010161855619,25,4153.5,12888.8,139500,2.567e+18,4,36,4,1.6,"2026-05-11 14:06:14.862508"
"Sweet Cherry.Sylvia.Zaragoza",5,60.593135047779,379.572537783525,0.158990505897247,25,4153.5,12888.8,139500,2.567e+18,4,36,4,1.6,"2026-05-11 14:07:03.480243"
"Sweet Cherry.Sylvia.Zaragoza",6,66.5213399205468,385.249993865629,1.41477651391135,25,4153.5,12888.8,139500,2.567e+18,4,36,4,1.6,"2026-05-11 14:07:44.755252"
"Sweet Cherry.Sylvia.Zaragoza",7,66.4671497681138,385.442151721687,1.49556464344828,25,4153.5,12888.8,139500,2.567e+18,4,36,4,1.6,"2026-05-11 14:08:28.203261"
"Sweet Cherry.Sylvia.Zaragoza",8,66.464681310284,385.415216054604,1.4591852462361,25,4153.5,12888.8,139500,2.567e+18,4,36,4,1.6,"2026-05-11 14:09:14.482684"
"Sweet Cherry.Sylvia.Zaragoza",9,66.4672769256831,385.425496295692,1.49071566895764,25,4153.5,12888.8,139500,2.567e+18,4,36,4,1.6,"2026-05-11 14:09:54.186289"
"Sweet Cherry.Sylvia.Zaragoza",10,66.4549093485167,385.46837733865,1.48451270779552,25,4153.5,12888.8,139500,2.567e+18,4,36,4,1.6,"2026-05-11 14:10:33.463208"
"Sweet Cherry.Taleguera Brillante.Zaragoza",1,66.8937860686756,362.665513921136,1.3426906157361,25,4153.5,12888.8,139500,2.567e+18,4,36,4,1.6,"2026-05-11 14:04:14.305651"
"Sweet Cherry.Taleguera Brillante.Zaragoza",2,66.9018206313549,362.650518197252,1.32681283662756,25,4153.5,12888.8,139500,2.567e+18,4,36,4,1.6,"2026-05-11 14:05:00.549065"
"Sweet Cherry.Taleguera Brillante.Zaragoza",3,66.8899376091083,362.675689683573,1.35045917332422,25,4153.5,12888.8,139500,2.567e+18,4,36,4,1.6,"2026-05-11 14:05:46.842473"
"Sweet Cherry.Taleguera Brillante.Zaragoza",4,66.8907705670035,362.673741347324,1.34875738225977,25,4153.5,12888.8,139500,2.567e+18,4,36,4,1.6,"2026-05-11 14:06:32.853077"
"Sweet Cherry.Taleguera Brillante.Zaragoza",5,66.8618954650971,362.740973748956,1.47158863934509,25,4153.5,12888.8,139500,2.567e+18,4,36,4,1.6,"2026-05-11 14:07:18.672129"
"Sweet Cherry.Taleguera Brillante.Zaragoza",6,66.8917890020951,362.665114768691,1.34372483355688,25,4153.5,12888.8,139500,2.567e+18,4,36,4,1.6,"2026-05-11 14:08:04.039331"
"Sweet Cherry.Taleguera Brillante.Zaragoza",7,66.8917057477463,362.672657349547,1.35244536381643,25,4153.5,12888.8,139500,2.567e+18,4,36,4,1.6,"2026-05-11 14:08:48.629436"
"Sweet Cherry.Taleguera Brillante.Zaragoza",8,66.8929639870055,362.675872241085,1.34550802332192,25,4153.5,12888.8,139500,2.567e+18,4,36,4,1.6,"2026-05-11 14:09:32.933376"
"Sweet Cherry.Taleguera Brillante.Zaragoza",9,66.8922785886847,362.669298693947,1.3465974453464,25,4153.5,12888.8,139500,2.567e+18,4,36,4,1.6,"2026-05-11 14:10:18.393127"
"Sweet Cherry.Taleguera Brillante.Zaragoza",10,66.8915432898165,362.673018149506,1.34241981150826,25,4153.5,12888.8,139500,2.567e+18,4,36,4,1.6,"2026-05-11 14:11:01.712202"
"Sweet Cherry.Van-Spur.Zaragoza",1,62.8892516270508,350.197269940407,1.42039702857323,25,4153.5,12888.8,139500,2.567e+18,4,36,4,1.6,"2026-05-11 14:04:08.878487"
"Sweet Cherry.Van-Spur.Zaragoza",2,62.8890549569947,350.205242607162,1.40326670518626,25,4153.5,12888.8,139500,2.567e+18,4,36,4,1.6,"2026-05-11 14:04:49.119951"
"Sweet Cherry.Van-Spur.Zaragoza",3,62.3465536191913,351.176980102799,0.952394411689153,25,4153.5,12888.8,139500,2.567e+18,4,36,4,1.6,"2026-05-11 14:05:30.264777"
"Sweet Cherry.Van-Spur.Zaragoza",4,62.1664262766652,351.776803133265,0.97033297509728,25,4153.5,12888.8,139500,2.567e+18,4,36,4,1.6,"2026-05-11 14:06:11.255322"
"Sweet Cherry.Van-Spur.Zaragoza",5,62.889695857107,350.188449959184,1.40332380917843,25,4153.5,12888.8,139500,2.567e+18,4,36,4,1.6,"2026-05-11 14:06:58.54784"
"Sweet Cherry.Van-Spur.Zaragoza",6,62.8937977400334,350.184854388657,1.41144827366016,25,4153.5,12888.8,139500,2.567e+18,4,36,4,1.6,"2026-05-11 14:07:39.043429"
"Sweet Cherry.Van-Spur.Zaragoza",7,62.1667462931335,351.758092908754,0.957925803486189,25,4153.5,12888.8,139500,2.567e+18,4,36,4,1.6,"2026-05-11 14:08:22.355876"
"Sweet Cherry.Van-Spur.Zaragoza",8,62.89794806315,350.166696811008,1.42287389831575,25,4153.5,12888.8,139500,2.567e+18,4,36,4,1.6,"2026-05-11 14:09:08.324154"
"Sweet Cherry.Van-Spur.Zaragoza",9,62.421656404703,349.987499543527,0.788848909328624,25,4153.5,12888.8,139500,2.567e+18,4,36,4,1.6,"2026-05-11 14:09:48.020466"
"Sweet Cherry.Van-Spur.Zaragoza",10,62.102861883779,351.959697791735,0.94098709657643,25,4153.5,12888.8,139500,2.567e+18,4,36,4,1.6,"2026-05-11 14:10:27.071788"
"Sweet Cherry.Van.Zaragoza",1,65.6870313206583,341.360382642076,1.47285303883963,25,4153.5,12888.8,139500,2.567e+18,4,36,4,1.6,"2026-05-11 14:04:13.811555"
"Sweet Cherry.Van.Zaragoza",2,66.2083250971445,338.846814166863,1.49666362073901,25,4153.5,12888.8,139500,2.567e+18,4,36,4,1.6,"2026-05-11 14:04:59.620406"
"Sweet Cherry.Van.Zaragoza",3,65.6960477743515,341.327483494967,1.49338786753405,25,4153.5,12888.8,139500,2.567e+18,4,36,4,1.6,"2026-05-11 14:05:45.464893"
"Sweet Cherry.Van.Zaragoza",4,66.2376420954169,338.759434374848,1.49756484144582,25,4153.5,12888.8,139500,2.567e+18,4,36,4,1.6,"2026-05-11 14:06:30.72145"
"Sweet Cherry.Van.Zaragoza",5,66.2360564117959,338.754279673452,1.49919529296721,25,4153.5,12888.8,139500,2.567e+18,4,36,4,1.6,"2026-05-11 14:07:15.519713"
"Sweet Cherry.Van.Zaragoza",6,66.2303121279014,338.750554688531,1.46998748573651,25,4153.5,12888.8,139500,2.567e+18,4,36,4,1.6,"2026-05-11 14:08:00.474904"
"Sweet Cherry.Van.Zaragoza",7,66.2407215016187,338.738502401048,1.49913141392012,25,4153.5,12888.8,139500,2.567e+18,4,36,4,1.6,"2026-05-11 14:08:45.26778"
"Sweet Cherry.Van.Zaragoza",8,66.2367592018614,338.752154955453,1.4988343295032,25,4153.5,12888.8,139500,2.567e+18,4,36,4,1.6,"2026-05-11 14:09:29.169478"
"Sweet Cherry.Van.Zaragoza",9,66.240019632421,338.744899527051,1.49984200108384,25,4153.5,12888.8,139500,2.567e+18,4,36,4,1.6,"2026-05-11 14:10:14.634176"
"Sweet Cherry.Van.Zaragoza",10,66.2362743274307,338.756711737743,1.49612359424963,25,4153.5,12888.8,139500,2.567e+18,4,36,4,1.6,"2026-05-11 14:11:08.948661"
"Sweet Cherry.Vega.Zaragoza",1,63.5774353052527,339.07630538281,1.43187907859286,25,4153.5,12888.8,139500,2.567e+18,4,36,4,1.6,"2026-05-11 14:04:13.734"
"Sweet Cherry.Vega.Zaragoza",2,63.401874664243,339.411892894113,1.47237721292779,25,4153.5,12888.8,139500,2.567e+18,4,36,4,1.6,"2026-05-11 14:04:59.460302"
"Sweet Cherry.Vega.Zaragoza",3,63.5723325277415,339.089715868605,1.43193763804408,25,4153.5,12888.8,139500,2.567e+18,4,36,4,1.6,"2026-05-11 14:05:45.256957"
"Sweet Cherry.Vega.Zaragoza",4,63.5774927982055,339.075833663452,1.43247109481487,25,4153.5,12888.8,139500,2.567e+18,4,36,4,1.6,"2026-05-11 14:06:30.938245"
"Sweet Cherry.Vega.Zaragoza",5,63.5867928028891,339.051509824672,1.43690099591908,25,4153.5,12888.8,139500,2.567e+18,4,36,4,1.6,"2026-05-11 14:07:16.048447"
"Sweet Cherry.Vega.Zaragoza",6,63.5862457522887,339.052596076313,1.43995848460984,25,4153.5,12888.8,139500,2.567e+18,4,36,4,1.6,"2026-05-11 14:08:00.950776"
"Sweet Cherry.Vega.Zaragoza",7,63.5749167638087,339.081681900701,1.43402100862409,25,4153.5,12888.8,139500,2.567e+18,4,36,4,1.6,"2026-05-11 14:08:44.888978"
"Sweet Cherry.Vega.Zaragoza",8,63.5798595529333,339.068391606928,1.43389087922306,25,4153.5,12888.8,139500,2.567e+18,4,36,4,1.6,"2026-05-11 14:09:28.077968"
"Sweet Cherry.Vega.Zaragoza",9,63.5725261368079,339.08714809261,1.43070940781786,25,4153.5,12888.8,139500,2.567e+18,4,36,4,1.6,"2026-05-11 14:10:19.496313"
"Sweet Cherry.Vega.Zaragoza",10,63.5735122686083,339.101627405626,1.44191202504034,25,4153.5,12888.8,139500,2.567e+18,4,36,4,1.6,"2026-05-11 14:11:02.644323"
"Sweet Cherry.Vic.Zaragoza",1,66.0007166122676,371.680560432146,1.49528993519103,25,4153.5,12888.8,139500,2.567e+18,4,36,4,1.6,"2026-05-11 14:04:14.1036"
"Sweet Cherry.Vic.Zaragoza",2,65.9998654121463,371.700209229235,1.49195850512506,25,4153.5,12888.8,139500,2.567e+18,4,36,4,1.6,"2026-05-11 14:05:00.202476"
"Sweet Cherry.Vic.Zaragoza",3,66.0059596462964,351.393459104687,0.178436840141201,25,4153.5,12888.8,139500,2.567e+18,4,36,4,1.6,"2026-05-11 14:05:46.891792"
"Sweet Cherry.Vic.Zaragoza",4,66.0006681736507,371.668963892706,1.49866360858668,25,4153.5,12888.8,139500,2.567e+18,4,36,4,1.6,"2026-05-11 14:06:33.5862"
"Sweet Cherry.Vic.Zaragoza",5,66.0013513067504,371.700854584239,1.49570478680306,25,4153.5,12888.8,139500,2.567e+18,4,36,4,1.6,"2026-05-11 14:07:18.802716"
"Sweet Cherry.Vic.Zaragoza",6,65.999398471651,371.701861609488,1.49303669902007,25,4153.5,12888.8,139500,2.567e+18,4,36,4,1.6,"2026-05-11 14:08:04.093605"
"Sweet Cherry.Vic.Zaragoza",7,66.0001553455993,371.687634739843,1.49494503588957,25,4153.5,12888.8,139500,2.567e+18,4,36,4,1.6,"2026-05-11 14:08:49.118269"
"Sweet Cherry.Vic.Zaragoza",8,66.003434041457,371.660573245798,1.49025982118964,25,4153.5,12888.8,139500,2.567e+18,4,36,4,1.6,"2026-05-11 14:09:33.277328"
"Sweet Cherry.Vic.Zaragoza",9,66.0002028240168,371.693973952369,1.49737572709277,25,4153.5,12888.8,139500,2.567e+18,4,36,4,1.6,"2026-05-11 14:10:19.001349"
"Sweet Cherry.Vic.Zaragoza",10,66.2261286486521,351.38688805798,0.182904490751786,25,4153.5,12888.8,139500,2.567e+18,4,36,4,1.6,"2026-05-11 14:11:13.765192"
